C1D1,38:90:a5:20:e9:00,-59.50000,2.33333
C1D1,38:90:a5:20:e9:01,-59.35714,3.24567
C1D1,38:90:a5:20:e9:02,-59.46429,3.53273
C1D1,38:90:a5:20:e9:0d,-61.93333,4.85609
C1D1,38:90:a5:20:e9:0e,-62.06667,4.94754
C1D1,38:90:a5:20:e9:0f,-62.13333,3.56935
C1D1,38:90:a5:20:f0:fd,-64.36667,3.94342
C1D1,38:90:a5:20:f0:fe,-64.13793,1.78734
C1D1,38:90:a5:20:f0:ff,-64.06897,2.06901
C1D1,50:0f:80:c4:60:0d,-79.18519,1.81949
C1D1,50:0f:80:c4:60:0e,-79.21429,1.77132
C1D1,50:0f:80:fd:7f:bd,-63.43333,5.32841
C1D1,50:0f:80:fd:7f:be,-63.26667,5.14569
C1D1,50:0f:80:fd:7f:bf,-63.79310,5.13656
C1D1,e0:3f:49:09:d9:9c,-87.34483,2.00492
C2D1,38:90:a5:20:e9:00,-51.68966,5.42549
C2D1,38:90:a5:20:e9:01,-51.82143,5.64410
C2D1,38:90:a5:20:e9:02,-51.51724,5.50727
C2D1,38:90:a5:20:e9:0d,-56.36667,2.88257
C2D1,38:90:a5:20:e9:0e,-56.20000,2.84544
C2D1,38:90:a5:20:e9:0f,-55.73333,2.19613
C2D1,38:90:a5:20:f0:fd,-69.13333,4.59185
C2D1,38:90:a5:20:f0:fe,-69.60000,4.31996
C2D1,38:90:a5:20:f0:ff,-69.60000,5.81081
C2D1,50:0f:80:c4:60:0e,-80.13793,3.74856
C2D1,50:0f:80:fd:7f:b1,-64.66667,5.74456
C2D1,50:0f:80:fd:7f:b2,-62.92593,2.90789
C2D1,50:0f:80:fd:7f:bd,-64.27586,4.48726
C2D1,50:0f:80:fd:7f:be,-64.55172,4.52443
C2D1,50:0f:80:fd:7f:bf,-64.48276,4.41281
C2D1,e0:3f:49:09:d9:9c,-88.86207,1.35552
C3D1,38:90:a5:20:e9:00,-43.82143,3.52823
C3D1,38:90:a5:20:e9:01,-43.92857,3.67099
C3D1,38:90:a5:20:e9:02,-45.89286,8.29252
C3D1,38:90:a5:20:e9:0d,-48.37931,4.98866
C3D1,38:90:a5:20:e9:0e,-48.03333,4.89534
C3D1,38:90:a5:20:e9:0f,-48.30000,3.86095
C3D1,38:90:a5:20:f0:fd,-66.68966,3.06015
C3D1,38:90:a5:20:f0:fe,-67.90000,3.84484
C3D1,38:90:a5:20:f0:ff,-67.44828,3.45983
C3D1,38:90:a5:37:40:8d,-78.03704,3.88767
C3D1,38:90:a5:37:40:8f,-78.03846,3.66039
C3D1,38:90:a5:37:42:dd,-65.86207,4.15524
C3D1,38:90:a5:37:42:de,-65.80769,3.82643
C3D1,38:90:a5:37:42:df,-65.75000,4.30869
C3D1,50:0f:80:c0:ce:22,-61.11538,6.75471
C3D1,50:0f:80:c4:5f:6d,-77.80769,4.07940
C3D1,50:0f:80:c4:60:0e,-84.30769,2.29380
C3D1,50:0f:80:fd:7f:bd,-71.06897,3.21749
C3D1,50:0f:80:fd:7f:be,-71.38462,3.34756
C4D1,38:90:a5:20:e9:00,-52.14286,3.66883
C4D1,38:90:a5:20:e9:01,-52.41379,3.70827
C4D1,38:90:a5:20:e9:02,-52.82759,5.43841
C4D1,38:90:a5:20:e9:0d,-56.32143,3.15117
C4D1,38:90:a5:20:e9:0e,-56.21429,3.02284
C4D1,38:90:a5:20:e9:0f,-56.58621,3.04158
C4D1,38:90:a5:37:40:8d,-75.06897,3.36931
C4D1,38:90:a5:37:40:8e,-75.17241,3.34951
C4D1,38:90:a5:37:40:8f,-75.55172,3.54145
C4D1,38:90:a5:37:42:d0,-57.57692,7.51624
C4D1,38:90:a5:37:42:dd,-62.96667,1.92055
C4D1,38:90:a5:37:42:de,-63.13333,2.08001
C4D1,38:90:a5:37:42:df,-63.46667,2.66178
C4D1,50:0f:80:c0:ce:2e,-78.00000,2.03670
C4D1,50:0f:80:fd:7f:bd,-79.46429,2.56012
C4D1,50:0f:80:fd:7f:be,-79.93103,2.73771
C5D1,38:90:a5:20:e9:00,-58.93333,3.79307
C5D1,38:90:a5:20:e9:01,-58.70270,2.92710
C5D1,38:90:a5:20:e9:02,-58.66216,2.98983
C5D1,38:90:a5:20:e9:0d,-64.88158,2.26843
C5D1,38:90:a5:20:e9:0e,-65.76316,5.43291
C5D1,38:90:a5:20:e9:0f,-64.77632,2.57992
C5D1,38:90:a5:20:f0:ff,-75.43662,2.43036
C5D1,38:90:a5:37:40:8e,-80.67647,3.28471
C5D1,38:90:a5:37:42:d0,-57.35526,4.98987
C5D1,38:90:a5:37:42:d1,-57.25974,4.60949
C5D1,38:90:a5:37:42:d2,-57.39474,4.73590
C5D1,38:90:a5:37:42:dd,-55.26316,1.86454
C5D1,38:90:a5:37:42:de,-55.88158,3.59617
C5D1,38:90:a5:37:42:df,-55.97368,3.62574
C5D1,38:90:a5:91:74:11,-71.31343,2.88785
C5D1,50:0f:80:c0:ce:2e,-79.62162,3.75884
C5D1,50:0f:80:c4:5f:6d,-86.25758,3.30180
C5D1,50:0f:80:e3:79:61,-71.08955,3.81278
C5D1,50:0f:80:fd:7f:bd,-82.38356,2.30115
C5D1,50:0f:80:fd:7f:be,-82.47143,2.28239
C5D1,50:0f:80:fd:7f:bf,-82.34328,1.91922
C6D1,38:90:a5:20:e9:01,-55.04545,3.92793
C6D1,38:90:a5:20:e9:02,-54.53333,3.85089
C6D1,38:90:a5:20:e9:0d,-64.67213,3.21310
C6D1,38:90:a5:20:e9:0e,-64.16667,2.87474
C6D1,38:90:a5:20:e9:0f,-64.18462,3.36755
C6D1,38:90:a5:37:40:80,-57.94828,4.13128
C6D1,38:90:a5:37:40:81,-57.59649,2.26668
C6D1,38:90:a5:37:40:82,-57.87719,2.66639
C6D1,38:90:a5:37:40:8d,-63.76119,2.93923
C6D1,38:90:a5:37:40:8e,-63.55224,3.25801
C6D1,38:90:a5:37:40:8f,-63.92537,2.89364
C6D1,38:90:a5:37:42:d0,-54.24242,4.79442
C6D1,38:90:a5:37:42:d1,-54.24615,4.49316
C6D1,38:90:a5:37:42:d2,-54.24242,4.51684
C6D1,38:90:a5:37:42:dd,-56.60606,2.12588
C6D1,38:90:a5:37:42:de,-56.92424,2.05547
C6D1,38:90:a5:37:42:df,-56.91045,1.94415
C6D1,50:0f:80:c0:ce:2d,-86.74138,2.22080
C6D1,50:0f:80:c0:ce:2e,-86.93651,2.03892
C6D1,50:0f:80:c4:5f:6e,-75.80645,2.14887
C6D1,50:0f:80:e3:79:61,-62.65574,2.57478
C6D1,50:0f:80:e3:79:6d,-66.78462,1.84977
C6D1,50:0f:80:e3:79:6e,-66.76190,1.88127
C6D1,50:0f:80:e3:79:6f,-67.06250,1.95890
C6D1,50:0f:80:fd:7f:bd,-84.62295,1.39241
C6D1,50:0f:80:fd:7f:be,-84.53226,1.64683
C6D1,50:0f:80:fd:7f:bf,-84.65000,1.56037
C7D1,38:90:a5:20:e9:0d,-68.24490,2.83233
C7D1,38:90:a5:20:e9:0e,-68.12500,3.13270
C7D1,38:90:a5:20:e9:0f,-68.65306,3.03144
C7D1,38:90:a5:37:40:8d,-71.71429,2.87228
C7D1,38:90:a5:37:40:8e,-72.65306,4.18604
C7D1,38:90:a5:37:40:8f,-72.16000,3.31576
C7D1,38:90:a5:37:42:d0,-42.72340,3.92152
C7D1,38:90:a5:37:42:d1,-42.78723,4.11221
C7D1,38:90:a5:37:42:d2,-42.78723,3.95043
C7D1,38:90:a5:37:42:dd,-44.28000,3.33222
C7D1,38:90:a5:37:42:de,-45.22000,7.13511
C7D1,38:90:a5:37:42:df,-44.36000,3.54424
C7D1,50:0f:80:c0:ce:2e,-86.02128,2.67427
C7D1,50:0f:80:e3:79:61,-67.00000,4.39155
C7D1,50:0f:80:e3:79:6d,-70.84444,2.58453
C7D1,50:0f:80:e3:79:6e,-71.04255,2.36788
C7D1,50:0f:80:e3:79:6f,-70.95652,2.47617
C7D1,50:0f:80:fd:7f:be,-87.86364,2.19504
C8D1,38:90:a5:20:e9:0d,-75.74074,3.63310
C8D1,38:90:a5:20:e9:0e,-76.39286,3.55214
C8D1,38:90:a5:20:e9:0f,-76.33333,3.65850
C8D1,38:90:a5:37:40:80,-53.77778,3.00427
C8D1,38:90:a5:37:40:81,-53.62963,3.01468
C8D1,38:90:a5:37:40:82,-53.62963,3.00190
C8D1,38:90:a5:37:40:8d,-53.70370,4.88967
C8D1,38:90:a5:37:40:8e,-54.41379,4.87352
C8D1,38:90:a5:37:40:8f,-54.53333,6.03286
C8D1,38:90:a5:37:42:dd,-62.92857,2.22658
C8D1,38:90:a5:37:42:de,-63.41379,3.33292
C8D1,38:90:a5:37:42:df,-62.93103,2.01656
C8D1,38:90:a5:8c:7c:de,-74.14286,3.03942
C8D1,38:90:a5:8c:7c:df,-73.15385,1.43366
C8D1,50:0f:80:c4:5f:6e,-75.61538,2.41788
C8D1,50:0f:80:e3:79:6d,-67.34483,1.47057
C8D1,50:0f:80:e3:79:6e,-67.41379,1.37626
C8D1,50:0f:80:e3:79:6f,-67.51724,0.98636
C9D1,38:90:a5:20:e9:0d,-74.02174,1.90309
C9D1,38:90:a5:20:e9:0e,-74.10638,1.92505
C9D1,38:90:a5:20:e9:0f,-74.15217,2.30909
C9D1,38:90:a5:37:40:80,-48.45652,3.53212
C9D1,38:90:a5:37:40:81,-48.97872,4.71579
C9D1,38:90:a5:37:40:82,-48.45652,3.56343
C9D1,38:90:a5:37:40:8d,-44.44000,4.42239
C9D1,38:90:a5:37:40:8e,-44.50000,4.41819
C9D1,38:90:a5:37:40:8f,-44.56000,4.36199
C9D1,38:90:a5:37:42:d0,-62.97872,2.92284
C9D1,38:90:a5:37:42:d1,-63.27660,3.26844
C9D1,38:90:a5:37:42:d2,-63.34043,3.59515
C9D1,38:90:a5:37:42:dd,-71.81633,3.13364
C9D1,38:90:a5:37:42:de,-72.14894,3.45139
C9D1,38:90:a5:37:42:df,-71.84000,3.05300
C9D1,50:0f:80:c4:5f:6e,-82.72727,3.15759
C9D1,50:0f:80:e3:79:6d,-68.46667,3.89405
C9D1,50:0f:80:e3:79:6e,-68.52174,3.97626
C9D1,50:0f:80:e3:79:6f,-68.29167,3.30672
C10D1,38:90:a5:20:e9:0d,-74.17742,2.06075
C10D1,38:90:a5:20:e9:0e,-74.32812,1.97649
C10D1,38:90:a5:20:e9:0f,-74.23881,1.93915
C10D1,38:90:a5:37:40:80,-56.61194,3.63883
C10D1,38:90:a5:37:40:81,-56.54545,2.62052
C10D1,38:90:a5:37:40:82,-56.59091,2.65433
C10D1,38:90:a5:37:40:8d,-55.85075,3.14428
C10D1,38:90:a5:37:40:8e,-56.59701,2.90277
C10D1,38:90:a5:37:40:8f,-57.19403,2.34998
C10D1,38:90:a5:37:42:d0,-65.37705,3.37226
C10D1,38:90:a5:37:42:d1,-66.12903,4.31727
C10D1,38:90:a5:37:42:d2,-65.43548,2.87226
C10D1,38:90:a5:37:42:dd,-66.22727,1.87120
C10D1,38:90:a5:37:42:de,-66.47761,1.72643
C10D1,38:90:a5:37:42:df,-65.92537,1.53063
C10D1,50:0f:80:c4:5f:6d,-78.24194,1.90500
C10D1,50:0f:80:c4:5f:6e,-78.53125,1.85993
C10D1,50:0f:80:c4:5f:6f,-78.63793,1.95294
C10D1,50:0f:80:e3:79:61,-58.23729,4.98390
C10D1,50:0f:80:e3:79:6d,-57.68657,2.10489
C10D1,50:0f:80:e3:79:6e,-57.83582,1.94311
C10D1,50:0f:80:e3:79:6f,-57.64179,2.54476
C11D1,38:90:a5:00:09:4d,-82.08571,3.60858
C11D1,38:90:a5:00:09:4e,-82.64865,3.42553
C11D1,38:90:a5:37:40:81,-67.94118,4.42405
C11D1,38:90:a5:37:40:8d,-67.15385,4.48118
C11D1,38:90:a5:37:40:8e,-66.89474,2.92971
C11D1,38:90:a5:37:40:8f,-66.78947,2.60102
C11D1,38:90:a5:37:42:dd,-72.26471,2.99807
C11D1,38:90:a5:37:42:de,-72.55556,2.83291
C11D1,38:90:a5:37:42:df,-72.11429,3.27891
C11D1,38:90:a5:8c:93:e1,-68.16667,2.11795
C11D1,38:90:a5:8c:93:ee,-85.00000,2.73120
C11D1,50:0f:80:c0:ce:2e,-82.29412,4.06410
C11D1,50:0f:80:d8:f3:7e,-85.37143,3.39624
C11D1,50:0f:80:e3:79:60,-50.05263,4.79835
C11D1,50:0f:80:e3:79:61,-50.10526,4.63121
C11D1,50:0f:80:e3:79:62,-50.31579,4.69102
C11D1,50:0f:80:e3:79:6d,-47.82500,3.97355
C11D1,50:0f:80:e3:79:6e,-48.67500,6.07807
C11D1,50:0f:80:e3:79:6f,-47.90000,3.94709
C11D1,50:0f:80:fd:7f:51,-68.77143,3.50702
C12D1,38:90:a5:37:42:de,-80.22000,2.94362
C12D1,38:90:a5:8c:93:ee,-73.14286,3.77277
C12D1,50:0f:80:c0:ce:2d,-64.50000,2.92947
C12D1,50:0f:80:c0:ce:2e,-65.35088,3.96183
C12D1,50:0f:80:c0:ce:2f,-64.73684,2.43872
C12D1,50:0f:80:c4:5f:6f,-69.32653,4.39881
C12D1,50:0f:80:d8:ee:0d,-86.04000,4.21349
C12D1,50:0f:80:d8:ee:0e,-86.18000,4.06423
C12D1,50:0f:80:e3:79:61,-58.94231,4.15113
C12D1,50:0f:80:e3:79:6d,-57.73214,3.19938
C12D1,50:0f:80:e3:79:6e,-59.01754,5.41325
C12D1,50:0f:80:e3:79:6f,-58.35714,3.78239
C12D1,50:0f:80:fd:84:4d,-81.64706,4.38097
C12D1,50:0f:80:fd:84:4e,-81.70370,3.83937
C12D1,50:0f:80:fd:84:4f,-81.45455,3.54766
C13D1,38:90:a5:8c:93:ee,-78.17742,3.00559
C13D1,50:0f:80:c0:ce:20,-52.86154,4.08456
C13D1,50:0f:80:c0:ce:21,-53.35821,4.41657
C13D1,50:0f:80:c0:ce:22,-53.68657,4.72969
C13D1,50:0f:80:c0:ce:2d,-59.72464,2.53147
C13D1,50:0f:80:c0:ce:2e,-60.18841,2.61936
C13D1,50:0f:80:c0:ce:2f,-59.77143,2.49156
C13D1,50:0f:80:c4:5f:61,-60.09836,3.41909
C13D1,50:0f:80:c4:5f:6d,-58.04286,4.11584
C13D1,50:0f:80:c4:5f:6e,-59.02857,5.65678
C13D1,50:0f:80:c4:5f:6f,-58.11594,3.92779
C13D1,50:0f:80:d8:ee:0e,-85.82258,1.94620
C13D1,50:0f:80:e3:79:6d,-65.67692,2.79569
C13D1,50:0f:80:e3:79:6e,-65.59701,2.50490
C13D1,50:0f:80:e3:79:6f,-65.70149,2.75799
C13D1,50:0f:80:fd:84:4d,-77.61194,2.51031
C13D1,50:0f:80:fd:84:4e,-78.00000,2.83912
C13D1,50:0f:80:fd:84:4f,-77.72581,2.43721
C13D1,e0:3f:49:09:d9:9c,-90.34921,1.33391
C14D1,38:90:a5:37:46:9e,-74.47619,2.16167
C14D1,50:0f:80:c0:ce:20,-48.71642,4.09288
C14D1,50:0f:80:c0:ce:21,-49.44776,5.63346
C14D1,50:0f:80:c0:ce:22,-49.27273,5.00936
C14D1,50:0f:80:c0:ce:2d,-51.40000,3.28104
C14D1,50:0f:80:c0:ce:2e,-52.36232,5.85605
C14D1,50:0f:80:c0:ce:2f,-50.98571,2.76360
C14D1,50:0f:80:c4:60:0d,-64.36232,3.30317
C14D1,50:0f:80:c4:60:0e,-64.37313,3.29755
C14D1,50:0f:80:c4:60:0f,-64.30435,3.11214
C14D1,50:0f:80:d8:ee:0d,-69.18182,4.27482
C14D1,50:0f:80:d8:ee:0e,-69.30882,4.28206
C14D1,50:0f:80:d8:ee:0f,-69.31818,4.23596
C14D1,50:0f:80:fd:7f:bf,-67.19355,2.78072
C14D1,50:0f:80:fd:84:4d,-70.00000,3.49892
C14D1,50:0f:80:fd:84:4e,-69.95385,2.15371
C14D1,50:0f:80:fd:84:4f,-70.01471,2.32759
C14D1,e0:3f:49:09:d9:9c,-89.31343,1.57835
C15D1,38:90:a5:37:46:9d,-73.82258,3.00013
C15D1,38:90:a5:37:46:9e,-73.56061,2.00866
C15D1,50:0f:80:c0:ce:21,-61.25397,4.00390
C15D1,50:0f:80:c0:ce:2d,-61.65714,4.21483
C15D1,50:0f:80:c0:ce:2e,-61.95714,4.42796
C15D1,50:0f:80:c0:ce:2f,-61.58571,4.90044
C15D1,50:0f:80:c4:60:0d,-64.58730,2.89401
C15D1,50:0f:80:c4:60:0f,-64.63492,2.88657
C15D1,50:0f:80:d8:ee:0d,-70.24615,3.22602
C15D1,50:0f:80:d8:ee:0e,-70.07246,2.34721
C15D1,50:0f:80:d8:ee:0f,-70.05970,2.45493
C15D1,50:0f:80:fd:7f:b0,-57.73438,5.56418
C15D1,50:0f:80:fd:7f:b1,-57.47692,5.54275
C15D1,50:0f:80:fd:7f:b2,-57.90909,5.64522
C15D1,50:0f:80:fd:7f:bd,-56.84058,4.00963
C15D1,50:0f:80:fd:7f:be,-57.12857,4.54900
C15D1,50:0f:80:fd:7f:bf,-56.75000,2.83041
C15D1,50:0f:80:fd:84:4d,-67.20588,2.04106
C15D1,50:0f:80:fd:84:4e,-67.17647,2.02183
C15D1,50:0f:80:fd:84:4f,-67.31429,2.08891
C15D1,50:0f:80:fe:3f:8d,-69.46774,3.04457
C15D1,50:0f:80:fe:3f:8e,-69.78333,2.61736
C15D1,50:0f:80:fe:3f:8f,-69.53125,2.90029
C15D1,e0:3f:49:09:d9:98,-73.13636,4.37787
C15D1,e0:3f:49:09:d9:9c,-84.68571,1.99668
C16D1,38:90:a5:20:e9:00,-59.82759,2.91632
C16D1,38:90:a5:20:e9:01,-59.74074,3.87886
C16D1,38:90:a5:20:e9:02,-59.53846,3.15253
C16D1,38:90:a5:20:e9:0d,-71.50000,3.41565
C16D1,38:90:a5:20:e9:0e,-72.35714,4.73141
C16D1,38:90:a5:20:e9:0f,-71.70000,3.32338
C16D1,38:90:a5:37:42:dd,-75.26667,5.07824
C16D1,38:90:a5:37:42:de,-75.51724,5.07530
C16D1,38:90:a5:37:42:df,-75.40000,5.43678
C16D1,50:0f:80:c0:ce:2e,-80.23077,2.74675
C16D1,50:0f:80:c4:5f:6e,-86.44444,1.84669
C16D1,50:0f:80:d8:f3:7e,-87.20690,3.13254
C16D1,50:0f:80:fd:7f:51,-69.40741,4.69254
C16D1,50:0f:80:fd:7f:5d,-80.42308,2.10092
C16D1,50:0f:80:fd:7f:5e,-80.23077,1.75060
C16D1,50:0f:80:fd:7f:5f,-80.88462,2.68815
C17D1,38:90:a5:91:74:1e,-79.35714,2.57069
C17D1,50:0f:80:d8:f4:2d,-83.67857,1.51666
C17D1,50:0f:80:d8:f4:2e,-83.40000,1.97571
C17D1,50:0f:80:e3:74:2d,-83.36667,3.42892
C17D1,50:0f:80:e3:74:2e,-83.63333,3.51826
C17D1,50:0f:80:e3:74:2f,-83.76667,3.35984
C17D1,50:0f:80:fd:7f:50,-59.76667,1.90613
C17D1,50:0f:80:fd:7f:51,-59.83333,1.91335
C17D1,50:0f:80:fd:7f:52,-60.00000,1.83829
C17D1,50:0f:80:fd:7f:5d,-65.00000,1.90863
C17D1,50:0f:80:fd:7f:5e,-65.24138,1.78596
C17D1,50:0f:80:fd:7f:5f,-65.13333,1.94286
C18D1,38:90:a5:91:74:11,-67.00000,5.55698
C18D1,38:90:a5:91:74:1d,-68.37931,3.98581
C18D1,38:90:a5:91:74:1e,-68.03846,4.24717
C18D1,38:90:a5:91:74:1f,-68.46667,3.07081
C18D1,38:90:a5:9d:10:9d,-67.50000,2.56972
C18D1,38:90:a5:9d:10:9e,-67.43333,2.80004
C18D1,38:90:a5:9d:10:9f,-67.63333,2.95347
C18D1,38:90:a5:9d:1a:e0,-55.31034,1.41682
C18D1,38:90:a5:9d:1a:e1,-55.51724,1.72421
C18D1,38:90:a5:9d:1a:e2,-55.83333,2.85371
C18D1,38:90:a5:9d:1a:ed,-57.96667,2.84645
C18D1,38:90:a5:9d:1a:ee,-58.03333,2.76035
C18D1,38:90:a5:9d:1a:ef,-58.10000,2.90481
C18D1,50:0f:80:c4:60:0e,-80.50000,3.02324
C18D1,50:0f:80:d8:f4:2e,-81.74074,1.85208
C18D1,50:0f:80:fd:6d:7d,-69.37037,3.55342
C18D1,50:0f:80:fd:6d:7e,-69.70000,4.16181
C18D1,50:0f:80:fd:6d:7f,-69.35714,3.45569
C18D1,50:0f:80:fd:7f:bd,-78.29630,2.74303
C18D1,50:0f:80:fd:7f:be,-78.75000,2.91389
C18D1,50:0f:80:fd:7f:bf,-78.55556,2.56205
C18D1,50:0f:80:fd:85:0e,-75.82143,2.09149
C18D1,e0:3f:49:09:d9:98,-59.92857,3.11423
C18D1,e0:3f:49:09:d9:9c,-60.53333,2.87358
C19D1,38:90:a5:8f:e7:0d,-81.00000,2.63312
C19D1,38:90:a5:8f:e7:0e,-80.81250,2.68871
C19D1,38:90:a5:8f:e7:0f,-80.70588,2.33893
C19D1,38:90:a5:9d:0f:30,-47.73684,4.38231
C19D1,38:90:a5:9d:0f:31,-49.05882,4.24957
C19D1,38:90:a5:9d:0f:32,-49.00000,4.22788
C19D1,38:90:a5:9d:0f:3d,-53.00000,1.69967
C19D1,38:90:a5:9d:0f:3e,-54.60000,5.74365
C19D1,38:90:a5:9d:0f:3f,-53.52632,1.67890
C19D1,50:0f:80:e3:74:2d,-72.84211,1.83373
C19D1,50:0f:80:e3:74:2e,-72.89474,1.76052
C19D1,50:0f:80:e3:74:2f,-73.68421,3.24983
C19D1,50:0f:80:fd:7f:50,-59.61111,1.78684
C19D1,50:0f:80:fd:7f:51,-59.81250,1.75950
C19D1,50:0f:80:fd:7f:52,-60.05882,2.19290
C19D1,50:0f:80:fd:7f:5d,-62.80000,6.77146
C19D1,50:0f:80:fd:7f:5e,-61.47368,1.57651
C19D1,50:0f:80:fd:7f:5f,-61.63158,1.42246
C1D2,38:90:a5:20:e9:01,-64.10345,3.51877
C1D2,38:90:a5:20:e9:02,-63.72414,3.20598
C1D2,38:90:a5:20:e9:0d,-64.13333,1.69651
C1D2,38:90:a5:20:e9:0e,-64.06667,1.92861
C1D2,38:90:a5:20:e9:0f,-63.66667,1.37297
C1D2,38:90:a5:20:f0:fd,-63.93103,1.64601
C1D2,38:90:a5:20:f0:fe,-63.82759,1.81401
C1D2,38:90:a5:20:f0:ff,-63.79310,1.67714
C1D2,38:90:a5:37:46:9e,-86.07407,2.16486
C1D2,38:90:a5:9d:1a:ee,-84.57143,2.28406
C1D2,38:90:a5:9d:1b:1e,-71.66667,1.70970
C1D2,50:0f:80:c4:60:0d,-74.42308,2.85899
C1D2,50:0f:80:c4:60:0e,-74.26667,2.80312
C1D2,50:0f:80:fd:7f:b0,-60.90000,2.41190
C1D2,50:0f:80:fd:7f:b1,-61.20690,2.22613
C1D2,50:0f:80:fd:7f:b2,-61.26667,2.33317
C1D2,50:0f:80:fd:7f:bd,-63.00000,1.68154
C1D2,50:0f:80:fd:7f:be,-63.03333,1.49674
C1D2,50:0f:80:fd:7f:bf,-63.76667,3.83885
C1D2,e0:3f:49:09:d9:9c,-88.13333,1.81437
C2D2,38:90:a5:20:e9:00,-51.74074,3.33504
C2D2,38:90:a5:20:e9:01,-53.00000,6.36698
C2D2,38:90:a5:20:e9:02,-51.85185,3.34783
C2D2,38:90:a5:20:e9:0d,-57.26667,1.99885
C2D2,38:90:a5:20:e9:0e,-57.36667,1.79046
C2D2,38:90:a5:20:e9:0f,-57.26667,2.33317
C2D2,38:90:a5:20:f0:fd,-72.03704,4.71888
C2D2,38:90:a5:20:f0:fe,-72.14286,4.57622
C2D2,38:90:a5:20:f0:ff,-72.30000,4.87180
C2D2,38:90:a5:8c:90:ef,-89.30769,1.64364
C2D2,50:0f:80:c4:60:0e,-79.34615,3.13614
C2D2,50:0f:80:fd:7f:b1,-63.37037,2.38824
C2D2,50:0f:80:fd:7f:b2,-63.76923,3.64755
C2D2,50:0f:80:fd:7f:bd,-63.00000,2.08443
C2D2,50:0f:80:fd:7f:be,-63.30000,1.96784
C2D2,50:0f:80:fd:7f:bf,-63.20000,1.74988
C2D2,e0:3f:49:09:d9:9c,-89.50000,1.07479
C3D2,38:90:a5:20:e9:00,-40.55556,3.77577
C3D2,38:90:a5:20:e9:01,-41.96296,8.09312
C3D2,38:90:a5:20:e9:02,-40.51852,4.01316
C3D2,38:90:a5:20:e9:0d,-43.62069,2.36664
C3D2,38:90:a5:20:e9:0e,-43.75862,2.72102
C3D2,38:90:a5:20:e9:0f,-43.06667,1.87420
C3D2,38:90:a5:20:f0:fe,-71.38462,2.65446
C3D2,38:90:a5:20:f0:ff,-71.20690,2.87078
C3D2,38:90:a5:37:40:8d,-76.25926,2.14104
C3D2,38:90:a5:37:40:8e,-76.57692,2.06249
C3D2,38:90:a5:37:42:d1,-63.92308,2.68213
C3D2,38:90:a5:37:42:dd,-66.74074,3.51472
C3D2,38:90:a5:37:42:de,-66.66667,3.53009
C3D2,38:90:a5:37:42:df,-66.53846,3.50121
C3D2,38:90:a5:91:74:1e,-79.07407,2.28584
C3D2,50:0f:80:c0:ce:21,-62.80000,6.09918
C3D2,50:0f:80:c0:ce:22,-61.80769,5.83794
C3D2,50:0f:80:c0:ce:2e,-69.57692,2.71548
C3D2,50:0f:80:c4:5f:6e,-75.19231,2.60798
C3D2,50:0f:80:c4:60:0d,-83.59259,1.88637
C3D2,50:0f:80:c4:60:0e,-83.70370,2.01561
C3D2,50:0f:80:fd:7f:be,-73.46429,2.06348
C3D2,50:0f:80:fd:7f:bf,-73.11111,2.24179
C4D2,38:90:a5:20:e9:00,-53.41379,3.64022
C4D2,38:90:a5:20:e9:01,-54.27586,5.27729
C4D2,38:90:a5:20:e9:02,-53.65517,3.59837
C4D2,38:90:a5:20:e9:0d,-59.40000,2.15918
C4D2,38:90:a5:20:e9:0e,-59.60000,2.20657
C4D2,38:90:a5:20:e9:0f,-59.73333,2.01603
C4D2,38:90:a5:37:40:8d,-73.86667,1.90703
C4D2,38:90:a5:37:40:8e,-74.00000,1.88982
C4D2,38:90:a5:37:40:8f,-73.83333,2.21411
C4D2,38:90:a5:37:42:d0,-58.82143,5.83129
C4D2,38:90:a5:37:42:d1,-58.44828,5.17954
C4D2,38:90:a5:37:42:d2,-58.41379,5.30173
C4D2,38:90:a5:37:42:dd,-61.53333,1.40770
C4D2,38:90:a5:37:42:de,-61.76667,1.56873
C4D2,38:90:a5:37:42:df,-61.46667,1.45586
C4D2,50:0f:80:c0:ce:21,-71.96154,2.18139
C4D2,50:0f:80:c0:ce:2e,-78.85185,1.83353
C4D2,50:0f:80:e3:79:61,-70.34615,4.49838
C4D2,50:0f:80:e3:79:62,-69.88889,4.68495
C5D2,38:90:a5:20:e9:00,-61.03448,3.92322
C5D2,38:90:a5:20:e9:01,-61.00000,3.00574
C5D2,38:90:a5:20:e9:02,-60.88889,3.09259
C5D2,38:90:a5:20:e9:0d,-63.20690,2.48394
C5D2,38:90:a5:20:e9:0e,-63.20000,2.60503
C5D2,38:90:a5:20:e9:0f,-63.20690,2.35098
C5D2,38:90:a5:20:f0:fe,-76.03846,1.61197
C5D2,38:90:a5:20:f0:ff,-75.90000,1.34805
C5D2,38:90:a5:37:40:8e,-84.28571,2.78697
C5D2,38:90:a5:37:42:d0,-52.60000,3.36923
C5D2,38:90:a5:37:42:d1,-52.66667,3.51679
C5D2,38:90:a5:37:42:d2,-52.83333,3.50451
C5D2,38:90:a5:37:42:dd,-53.26667,1.20153
C5D2,38:90:a5:37:42:de,-53.63333,1.32570
C5D2,38:90:a5:37:42:df,-53.56667,1.47819
C5D2,38:90:a5:91:74:11,-73.65385,1.69570
C5D2,50:0f:80:c0:ce:2d,-78.81481,2.52734
C5D2,50:0f:80:c0:ce:2e,-79.00000,3.26950
C5D2,50:0f:80:c0:ce:2f,-78.67857,2.90662
C5D2,50:0f:80:fd:7f:be,-82.33333,1.81871
C6D2,38:90:a5:20:e9:01,-59.77778,4.23647
C6D2,38:90:a5:20:e9:02,-61.11765,6.33327
C6D2,38:90:a5:20:e9:0d,-67.35000,4.08173
C6D2,38:90:a5:20:e9:0e,-67.75000,3.80961
C6D2,38:90:a5:20:e9:0f,-67.80000,3.95501
C6D2,38:90:a5:37:40:80,-56.88889,3.00762
C6D2,38:90:a5:37:40:81,-57.95000,3.51650
C6D2,38:90:a5:37:40:82,-57.63158,3.14838
C6D2,38:90:a5:37:40:8d,-64.60000,1.84676
C6D2,38:90:a5:37:40:8e,-64.85000,1.78517
C6D2,38:90:a5:37:40:8f,-64.85000,1.95408
C6D2,38:90:a5:37:42:d0,-53.80000,4.00789
C6D2,38:90:a5:37:42:d1,-53.85000,3.95068
C6D2,38:90:a5:37:42:d2,-53.80000,4.07302
C6D2,38:90:a5:37:42:dd,-53.45000,4.83926
C6D2,38:90:a5:37:42:de,-53.70000,4.39018
C6D2,38:90:a5:37:42:df,-53.40000,4.82755
C6D2,50:0f:80:c4:5f:6d,-77.63158,2.26594
C6D2,50:0f:80:c4:5f:6e,-77.89474,2.55810
C6D2,50:0f:80:c4:5f:6f,-77.26316,1.75885
C6D2,50:0f:80:e3:79:61,-64.05882,4.61615
C6D2,50:0f:80:e3:79:6d,-64.31579,1.56534
C6D2,50:0f:80:e3:79:6e,-64.52632,1.61136
C6D2,50:0f:80:e3:79:6f,-64.36842,1.70654
C6D2,50:0f:80:ee:6d:5e,-88.44444,1.88562
C7D2,38:90:a5:20:e9:0d,-68.62069,2.22669
C7D2,38:90:a5:20:e9:0e,-69.22222,4.79850
C7D2,38:90:a5:20:e9:0f,-68.56667,2.17641
C7D2,38:90:a5:37:40:8d,-73.06897,4.14842
C7D2,38:90:a5:37:40:8e,-72.34483,1.77836
C7D2,38:90:a5:37:40:8f,-72.66667,2.55064
C7D2,38:90:a5:37:42:d0,-43.71429,1.97872
C7D2,38:90:a5:37:42:d1,-43.64286,2.12941
C7D2,38:90:a5:37:42:d2,-43.60714,2.04286
C7D2,38:90:a5:37:42:dd,-45.00000,2.50517
C7D2,38:90:a5:37:42:de,-46.17241,6.23394
C7D2,38:90:a5:37:42:df,-45.13793,2.70877
C7D2,50:0f:80:c0:ce:2e,-85.50000,2.20269
C7D2,50:0f:80:e3:79:6d,-69.96429,1.57485
C7D2,50:0f:80:e3:79:6e,-70.00000,1.64083
C7D2,50:0f:80:e3:79:6f,-70.03448,1.54649
C7D2,50:0f:80:ee:6d:5e,-83.51852,1.42425
C7D2,50:0f:80:fd:7f:5d,-85.11538,1.63284
C7D2,50:0f:80:fd:7f:5f,-85.40741,1.44806
C8D2,38:90:a5:20:e9:0d,-76.59259,2.25762
C8D2,38:90:a5:20:e9:0e,-76.96429,2.34887
C8D2,38:90:a5:20:e9:0f,-76.81481,2.37028
C8D2,38:90:a5:37:40:80,-55.37931,2.54128
C8D2,38:90:a5:37:40:81,-55.13793,2.51743
C8D2,38:90:a5:37:40:82,-55.27586,2.64435
C8D2,38:90:a5:37:40:8d,-56.10345,2.66384
C8D2,38:90:a5:37:40:8e,-55.80000,2.39828
C8D2,38:90:a5:37:40:8f,-56.03333,2.42804
C8D2,38:90:a5:37:42:dd,-68.74074,3.18159
C8D2,38:90:a5:37:42:de,-68.82143,3.06780
C8D2,38:90:a5:37:42:df,-68.67857,3.12758
C8D2,38:90:a5:8c:7c:dd,-77.96429,2.67335
C8D2,38:90:a5:8c:7c:de,-78.00000,2.58199
C8D2,38:90:a5:8c:7c:df,-77.78571,2.46992
C8D2,50:0f:80:c4:5f:6d,-76.07143,4.06365
C8D2,50:0f:80:c4:5f:6e,-76.32143,4.15490
C8D2,50:0f:80:c4:5f:6f,-76.10345,4.34532
C8D2,50:0f:80:e3:79:61,-62.77778,3.11736
C8D2,50:0f:80:e3:79:62,-63.14815,3.13422
C8D2,50:0f:80:e3:79:6d,-66.65517,2.55337
C8D2,50:0f:80:e3:79:6e,-66.79310,2.70422
C8D2,50:0f:80:e3:79:6f,-66.57143,2.47100
C9D2,38:90:a5:20:e9:0d,-76.71429,2.91684
C9D2,38:90:a5:20:e9:0e,-76.67857,2.80282
C9D2,38:90:a5:20:e9:0f,-76.82143,2.78958
C9D2,38:90:a5:37:40:80,-50.72414,6.40812
C9D2,38:90:a5:37:40:81,-49.65517,3.06216
C9D2,38:90:a5:37:40:82,-50.46429,5.40564
C9D2,38:90:a5:37:40:8d,-44.78571,1.61835
C9D2,38:90:a5:37:40:8e,-44.80000,1.80803
C9D2,38:90:a5:37:40:8f,-44.50000,1.38340
C9D2,38:90:a5:37:42:d1,-63.96154,3.69303
C9D2,38:90:a5:37:42:d2,-64.07692,3.62130
C9D2,38:90:a5:37:42:dd,-76.40741,2.97760
C9D2,38:90:a5:37:42:de,-76.25000,2.15381
C9D2,38:90:a5:37:42:df,-76.30000,2.68007
C9D2,50:0f:80:c4:5f:6d,-83.86667,2.41737
C9D2,50:0f:80:c4:5f:6e,-84.10000,2.21826
C9D2,50:0f:80:c4:5f:6f,-83.93333,2.19613
C9D2,50:0f:80:e3:79:62,-68.29630,4.90537
C9D2,50:0f:80:e3:79:6d,-67.86207,4.03311
C9D2,50:0f:80:e3:79:6e,-67.75862,4.17180
C9D2,50:0f:80:e3:79:6f,-66.96429,3.62586
C10D2,38:90:a5:00:09:4d,-86.41176,3.89003
C10D2,38:90:a5:00:09:4e,-86.57895,3.86316
C10D2,38:90:a5:20:e9:0d,-76.16667,2.72785
C10D2,38:90:a5:20:e9:0e,-76.73684,2.78572
C10D2,38:90:a5:20:e9:0f,-77.26316,2.86438
C10D2,38:90:a5:37:40:80,-58.68421,5.87889
C10D2,38:90:a5:37:40:81,-58.44444,5.20432
C10D2,38:90:a5:37:40:82,-60.42105,8.80225
C10D2,38:90:a5:37:40:8d,-61.25000,4.06364
C10D2,38:90:a5:37:40:8e,-61.05000,3.95335
C10D2,38:90:a5:37:40:8f,-61.30000,4.21900
C10D2,38:90:a5:37:42:d1,-62.41176,2.31999
C10D2,38:90:a5:37:42:dd,-70.35000,1.81442
C10D2,38:90:a5:37:42:de,-70.40000,1.66702
C10D2,38:90:a5:37:42:df,-70.50000,1.98680
C10D2,38:90:a5:9d:0f:31,-70.47368,2.61127
C10D2,38:90:a5:9d:0f:32,-70.47059,3.08459
C10D2,50:0f:80:c4:5f:6d,-78.33333,4.08728
C10D2,50:0f:80:c4:5f:6e,-78.55000,4.21120
C10D2,50:0f:80:c4:5f:6f,-78.52632,4.04651
C10D2,50:0f:80:e3:79:62,-57.76471,3.86538
C10D2,50:0f:80:e3:79:6d,-57.60000,4.59290
C10D2,50:0f:80:e3:79:6e,-57.80000,4.39617
C10D2,50:0f:80:e3:79:6f,-58.55000,2.96426
C11D2,38:90:a5:00:09:4e,-81.62069,3.50931
C11D2,38:90:a5:00:09:4f,-81.07143,3.31024
C11D2,38:90:a5:20:e9:0e,-84.73077,2.42582
C11D2,38:90:a5:37:40:8d,-70.42857,2.58813
C11D2,38:90:a5:37:40:8e,-70.64286,2.51240
C11D2,38:90:a5:37:40:8f,-71.58621,3.85002
C11D2,38:90:a5:37:42:dd,-74.00000,2.47748
C11D2,38:90:a5:37:42:de,-74.03333,2.28161
C11D2,38:90:a5:37:42:df,-74.36667,3.06800
C11D2,38:90:a5:8c:93:e1,-69.61538,4.65684
C11D2,38:90:a5:8c:93:ee,-86.48276,2.11492
C11D2,50:0f:80:c0:ce:2e,-85.53846,2.80329
C11D2,50:0f:80:c4:5f:6d,-76.19231,3.33490
C11D2,50:0f:80:c4:5f:6e,-76.88462,2.37195
C11D2,50:0f:80:c4:5f:6f,-76.20690,3.24455
C11D2,50:0f:80:e3:79:60,-50.03448,3.47936
C11D2,50:0f:80:e3:79:61,-50.03448,3.52017
C11D2,50:0f:80:e3:79:62,-50.44828,4.14545
C11D2,50:0f:80:e3:79:6d,-49.76667,3.27670
C11D2,50:0f:80:e3:79:6e,-49.76667,3.19140
C11D2,50:0f:80:e3:79:6f,-49.50000,3.14862
C11D2,50:0f:80:fd:7f:5d,-82.34615,2.18984
C11D2,50:0f:80:fd:7f:5e,-82.44444,2.10006
C11D2,50:0f:80:fd:7f:5f,-82.44444,1.88788
C12D2,38:90:a5:00:09:4e,-73.51852,2.08235
C12D2,38:90:a5:00:09:4f,-73.79310,2.16101
C12D2,38:90:a5:8c:93:ee,-77.03846,2.79257
C12D2,38:90:a5:91:7f:8e,-73.84615,2.03356
C12D2,50:0f:80:c4:5f:6d,-69.88889,2.56205
C12D2,50:0f:80:c4:5f:6e,-69.37037,2.05965
C12D2,50:0f:80:c4:5f:6f,-70.92857,3.79989
C12D2,50:0f:80:d8:f3:7e,-70.37037,2.52903
C12D2,50:0f:80:d8:f4:2e,-80.46154,2.06360
C12D2,50:0f:80:e3:79:6d,-60.16667,1.82101
C12D2,50:0f:80:e3:79:6e,-59.96552,1.70048
C12D2,50:0f:80:e3:79:6f,-59.93333,1.92861
C12D2,50:0f:80:fd:7f:5f,-77.59259,2.34126
C13D2,38:90:a5:00:09:4d,-84.33333,1.64083
C13D2,38:90:a5:00:09:4e,-84.15385,1.78196
C13D2,38:90:a5:00:09:4f,-84.38462,1.89899
C13D2,38:90:a5:8c:93:ed,-79.03846,2.45733
C13D2,38:90:a5:8c:93:ee,-78.88889,2.37508
C13D2,38:90:a5:8c:93:ef,-78.46154,1.83806
C13D2,50:0f:80:c0:ce:20,-51.85714,2.82468
C13D2,50:0f:80:c0:ce:21,-52.71429,5.14139
C13D2,50:0f:80:c0:ce:22,-52.03571,2.87366
C13D2,50:0f:80:c0:ce:2d,-64.46667,5.87064
C13D2,50:0f:80:c0:ce:2e,-63.76667,4.19921
C13D2,50:0f:80:c0:ce:2f,-63.80000,4.32634
C13D2,50:0f:80:c4:5f:62,-58.26923,3.65029
C13D2,50:0f:80:c4:5f:6d,-57.20000,3.84528
C13D2,50:0f:80:c4:5f:6e,-57.76667,4.84009
C13D2,50:0f:80:c4:5f:6f,-57.36667,3.31645
C13D2,50:0f:80:e3:79:6d,-63.74074,2.79550
C13D2,50:0f:80:e3:79:6e,-63.46429,2.71460
C13D2,50:0f:80:e3:79:6f,-64.37931,4.20386
C13D2,50:0f:80:fd:84:4e,-82.84615,2.90781
C13D2,50:0f:80:fd:85:ce,-75.11538,2.14153
C13D2,e0:3f:49:09:d9:9c,-91.38462,0.85215
C14D2,38:90:a5:37:46:9d,-71.36364,1.63711
C14D2,38:90:a5:37:46:9e,-71.68519,1.65773
C14D2,38:90:a5:37:46:9f,-71.98182,1.74792
C14D2,50:0f:80:c0:ce:20,-49.61404,4.38648
C14D2,50:0f:80:c0:ce:21,-49.28070,4.43506
C14D2,50:0f:80:c0:ce:22,-49.42105,4.52748
C14D2,50:0f:80:c0:ce:2d,-50.28070,2.87697
C14D2,50:0f:80:c0:ce:2e,-52.21053,8.46576
C14D2,50:0f:80:c0:ce:2f,-50.00000,2.63222
C14D2,50:0f:80:c4:5f:9e,-82.46296,1.71247
C14D2,50:0f:80:c4:60:0d,-67.55556,2.42368
C14D2,50:0f:80:c4:60:0e,-67.50877,1.96508
C14D2,50:0f:80:c4:60:0f,-67.19231,2.01016
C14D2,50:0f:80:d8:ee:0e,-70.64286,4.04713
C14D2,50:0f:80:fd:7f:bd,-71.02000,3.64490
C14D2,50:0f:80:fd:7f:be,-71.35294,3.77266
C14D2,50:0f:80:fd:7f:bf,-71.06122,3.54970
C14D2,50:0f:80:fd:84:4e,-81.51852,5.46599
C14D2,50:0f:80:fd:85:0e,-83.22000,1.41839
C14D2,50:0f:80:fe:3f:8d,-77.50000,2.75718
C14D2,50:0f:80:fe:3f:8e,-77.68627,3.04296
C14D2,50:0f:80:fe:3f:8f,-77.11321,2.30101
C15D2,38:90:a5:00:09:4f,-81.00000,2.40000
C15D2,38:90:a5:37:46:9d,-74.48148,2.24243
C15D2,38:90:a5:37:46:9e,-74.46667,2.16131
C15D2,38:90:a5:37:46:9f,-74.72414,2.05107
C15D2,50:0f:80:c0:ce:2d,-66.76667,3.66421
C15D2,50:0f:80:c0:ce:2e,-67.20000,4.13897
C15D2,50:0f:80:c0:ce:2f,-66.72414,3.63413
C15D2,50:0f:80:c4:60:0d,-67.86207,3.35649
C15D2,50:0f:80:c4:60:0e,-68.21429,3.11932
C15D2,50:0f:80:d8:ee:0d,-70.67857,1.36228
C15D2,50:0f:80:d8:ee:0e,-70.48276,1.15328
C15D2,50:0f:80:d8:ee:0f,-70.57143,1.19965
C15D2,50:0f:80:fd:7f:b0,-56.24138,1.92085
C15D2,50:0f:80:fd:7f:b1,-56.35714,1.83008
C15D2,50:0f:80:fd:7f:b2,-56.39286,1.87260
C15D2,50:0f:80:fd:7f:bd,-57.37931,3.09855
C15D2,50:0f:80:fd:7f:be,-57.46667,3.26669
C15D2,50:0f:80:fd:7f:bf,-57.76667,6.28454
C15D2,50:0f:80:fd:84:4e,-74.57143,5.35709
C15D2,50:0f:80:fd:85:ce,-76.14286,2.64875
C15D2,50:0f:80:fe:3f:8d,-71.41379,2.79690
C15D2,50:0f:80:fe:3f:8e,-72.48276,3.69962
C15D2,50:0f:80:fe:3f:8f,-71.68966,3.24151
C15D2,e0:3f:49:09:d9:9c,-86.80000,1.88277
C16D2,38:90:a5:20:e9:00,-58.30000,1.63639
C16D2,38:90:a5:20:e9:01,-58.30000,1.15950
C16D2,38:90:a5:20:e9:02,-58.40000,0.96609
C16D2,38:90:a5:20:e9:0d,-71.80000,1.68655
C16D2,38:90:a5:20:e9:0e,-72.30000,1.56702
C16D2,38:90:a5:20:e9:0f,-71.80000,1.68655
C16D2,38:90:a5:37:42:dd,-72.50000,0.70711
C16D2,38:90:a5:37:42:de,-72.90000,0.99443
C16D2,38:90:a5:37:42:df,-72.70000,1.05935
C16D2,38:90:a5:8c:93:e1,-78.33333,1.22474
C16D2,50:0f:80:c0:ce:20,-68.11111,1.83333
C16D2,50:0f:80:c0:ce:21,-68.30000,1.63639
C16D2,50:0f:80:c0:ce:22,-69.90000,3.75500
C16D2,50:0f:80:e3:79:6d,-85.77778,1.09291
C16D2,50:0f:80:e3:79:6e,-85.88889,1.16667
C16D2,50:0f:80:fd:7f:50,-65.80000,5.11642
C16D2,50:0f:80:fd:7f:51,-64.40000,1.07497
C16D2,50:0f:80:fd:7f:52,-64.60000,1.07497
C16D2,50:0f:80:fd:7f:5d,-79.10000,1.72884
C16D2,50:0f:80:fd:7f:5e,-79.20000,1.54919
C16D2,50:0f:80:fd:7f:5f,-79.80000,1.68655
C17D2,38:90:a5:91:74:1f,-75.35714,2.36039
C17D2,50:0f:80:c0:ce:21,-62.70370,3.82114
C17D2,50:0f:80:c0:ce:22,-63.21429,4.45019
C17D2,50:0f:80:c0:ce:2e,-77.50000,2.67208
C17D2,50:0f:80:d8:f4:2e,-81.24138,1.50369
C17D2,50:0f:80:d8:f4:2f,-80.85185,1.53682
C17D2,50:0f:80:e3:74:2d,-82.90000,2.12295
C17D2,50:0f:80:e3:74:2e,-83.00000,2.13348
C17D2,50:0f:80:e3:74:2f,-83.26667,2.18037
C17D2,50:0f:80:fd:7f:50,-63.03448,2.51400
C17D2,50:0f:80:fd:7f:51,-63.34483,2.56732
C17D2,50:0f:80:fd:7f:52,-63.30000,2.61494
C17D2,50:0f:80:fd:7f:5d,-69.53846,1.85969
C17D2,50:0f:80:fd:7f:5f,-69.46667,1.73669
C17D2,e0:3f:49:09:d9:9c,-91.39286,1.13331
C18D2,38:90:a5:91:74:11,-69.34615,2.07735
C18D2,38:90:a5:91:74:1d,-69.40000,2.64705
C18D2,38:90:a5:91:74:1e,-69.24138,2.66800
C18D2,38:90:a5:91:74:1f,-69.63333,2.41380
C18D2,38:90:a5:9d:10:9d,-67.60000,1.63158
C18D2,38:90:a5:9d:10:9e,-67.33333,2.05667
C18D2,38:90:a5:9d:10:9f,-68.40000,3.24409
C18D2,38:90:a5:9d:1a:e0,-56.03448,4.42786
C18D2,38:90:a5:9d:1a:e1,-55.72414,1.77073
C18D2,38:90:a5:9d:1a:e2,-55.55172,1.74410
C18D2,38:90:a5:9d:1a:ed,-58.44828,2.02813
C18D2,38:90:a5:9d:1a:ee,-58.35714,2.04059
C18D2,38:90:a5:9d:1a:ef,-58.34483,2.02265
C18D2,50:0f:80:c4:60:0e,-84.80769,3.74186
C18D2,50:0f:80:fd:6d:72,-65.46154,3.51261
C18D2,50:0f:80:fd:6d:7d,-67.68966,3.59666
C18D2,50:0f:80:fd:6d:7e,-68.13333,3.99770
C18D2,50:0f:80:fd:6d:7f,-67.67857,3.13940
C18D2,50:0f:80:fd:7f:bd,-77.42308,1.87985
C18D2,50:0f:80:fd:7f:be,-77.51852,1.92894
C18D2,50:0f:80:fd:7f:bf,-77.67857,1.88667
C18D2,50:0f:80:fd:85:0e,-77.85714,1.86019
C18D2,e0:3f:49:09:d9:98,-59.55172,3.36565
C18D2,e0:3f:49:09:d9:9c,-61.80000,1.80803
C19D2,38:90:a5:8f:e7:0d,-79.44444,1.88562
C19D2,38:90:a5:8f:e7:0e,-79.33333,2.08637
C19D2,38:90:a5:8f:e7:0f,-79.52632,2.16970
C19D2,38:90:a5:9d:0f:30,-50.95000,4.95745
C19D2,38:90:a5:9d:0f:31,-51.68421,4.15067
C19D2,38:90:a5:9d:0f:32,-51.78947,4.19760
C19D2,38:90:a5:9d:0f:3d,-54.94737,2.17239
C19D2,38:90:a5:9d:0f:3e,-55.31579,1.94515
C19D2,38:90:a5:9d:0f:3f,-55.25000,2.29129
C19D2,50:0f:80:e3:74:2d,-72.61111,1.78684
C19D2,50:0f:80:e3:74:2e,-72.85000,2.00722
C19D2,50:0f:80:e3:74:2f,-72.80000,1.79473
C19D2,50:0f:80:fd:7f:50,-54.52632,2.36569
C19D2,50:0f:80:fd:7f:51,-54.70588,2.46892
C19D2,50:0f:80:fd:7f:52,-54.50000,2.40710
C19D2,50:0f:80:fd:7f:5d,-60.90000,1.41049
C19D2,50:0f:80:fd:7f:5e,-60.90000,1.48324
C19D2,50:0f:80:fd:7f:5f,-61.30000,1.41793
C1D3,38:90:a5:20:e9:01,-63.20690,2.93232
C1D3,38:90:a5:20:e9:02,-63.35714,2.98408
C1D3,38:90:a5:20:e9:0d,-63.76667,2.63509
C1D3,38:90:a5:20:e9:0e,-63.96667,2.41380
C1D3,38:90:a5:20:e9:0f,-63.93333,2.51798
C1D3,38:90:a5:20:f0:fd,-65.03333,1.62912
C1D3,38:90:a5:20:f0:fe,-65.50000,2.11318
C1D3,38:90:a5:20:f0:ff,-65.13333,1.59164
C1D3,38:90:a5:9d:1a:e1,-71.69231,3.77115
C1D3,38:90:a5:9d:1a:ee,-84.33333,2.27021
C1D3,38:90:a5:9d:1b:1e,-71.25926,1.99215
C1D3,38:90:a5:9d:1b:1f,-71.33333,2.64575
C1D3,50:0f:80:c4:60:0e,-78.17857,4.43098
C1D3,50:0f:80:fd:7f:b0,-59.66667,5.06055
C1D3,50:0f:80:fd:7f:b1,-58.86667,2.59620
C1D3,50:0f:80:fd:7f:b2,-58.80000,2.52436
C1D3,50:0f:80:fd:7f:bd,-58.30000,2.21515
C1D3,50:0f:80:fd:7f:be,-58.63333,2.55266
C1D3,50:0f:80:fd:7f:bf,-58.83333,2.37927
C1D3,e0:3f:49:09:d9:9c,-87.60000,1.71404
C2D3,38:90:a5:20:e9:00,-54.10000,3.15518
C2D3,38:90:a5:20:e9:01,-53.83333,3.10820
C2D3,38:90:a5:20:e9:02,-54.00000,2.98271
C2D3,38:90:a5:20:e9:0d,-58.50000,2.01289
C2D3,38:90:a5:20:e9:0e,-59.26667,4.65302
C2D3,38:90:a5:20:e9:0f,-58.93333,2.08332
C2D3,38:90:a5:20:f0:fd,-68.21429,4.98410
C2D3,38:90:a5:20:f0:fe,-69.40000,5.96888
C2D3,38:90:a5:20:f0:ff,-68.43333,4.84009
C2D3,38:90:a5:8c:90:ed,-87.31034,1.13715
C2D3,38:90:a5:8c:90:ee,-87.51724,1.45457
C2D3,38:90:a5:8c:90:ef,-87.58621,1.26822
C2D3,50:0f:80:c4:60:0e,-82.74074,2.36306
C2D3,50:0f:80:fd:7f:b1,-61.22222,2.75029
C2D3,50:0f:80:fd:7f:bd,-64.46154,2.40384
C2D3,50:0f:80:fd:7f:bf,-64.34483,2.20836
C2D3,e0:3f:49:09:d9:9c,-89.16667,1.39168
C3D3,38:90:a5:20:e9:00,-45.48276,2.75967
C3D3,38:90:a5:20:e9:01,-45.50000,2.50185
C3D3,38:90:a5:20:e9:02,-45.31034,2.52280
C3D3,38:90:a5:20:e9:0d,-44.53333,2.06336
C3D3,38:90:a5:20:e9:0e,-45.76667,7.47263
C3D3,38:90:a5:20:e9:0f,-45.20000,1.74988
C3D3,38:90:a5:20:f0:fd,-66.25000,2.04803
C3D3,38:90:a5:20:f0:fe,-66.58621,2.39817
C3D3,38:90:a5:20:f0:ff,-67.03333,2.82212
C3D3,38:90:a5:37:42:dd,-69.32143,2.12661
C3D3,38:90:a5:37:42:de,-69.57143,2.39488
C3D3,38:90:a5:91:74:1e,-79.50000,1.75330
C3D3,50:0f:80:c0:ce:2e,-71.42308,4.44678
C3D3,50:0f:80:c4:5f:6e,-79.40741,3.33120
C3D3,50:0f:80:fd:7f:b1,-71.25926,2.52057
C3D3,50:0f:80:fd:7f:bd,-72.26923,1.73338
C3D3,50:0f:80:fd:7f:be,-72.44828,1.57176
C3D3,50:0f:80:fd:7f:bf,-72.34483,1.83762
C4D3,38:90:a5:20:e9:00,-50.68966,5.30568
C4D3,38:90:a5:20:e9:01,-50.06897,3.18401
C4D3,38:90:a5:20:e9:02,-50.03448,3.13372
C4D3,38:90:a5:20:e9:0d,-55.23333,3.27670
C4D3,38:90:a5:20:e9:0e,-56.50000,6.84484
C4D3,38:90:a5:20:e9:0f,-55.34483,4.01138
C4D3,38:90:a5:37:40:8d,-74.07143,3.11423
C4D3,38:90:a5:37:40:8e,-74.21429,2.97343
C4D3,38:90:a5:37:40:8f,-74.17241,3.27402
C4D3,38:90:a5:37:42:d0,-58.96552,5.72889
C4D3,38:90:a5:37:42:d1,-58.32143,5.02625
C4D3,38:90:a5:37:42:d2,-58.41379,5.15140
C4D3,38:90:a5:37:42:dd,-64.74074,2.06793
C4D3,38:90:a5:37:42:de,-64.89655,2.36560
C4D3,38:90:a5:37:42:df,-65.00000,2.39252
C4D3,50:0f:80:c0:ce:21,-70.33333,2.74563
C4D3,50:0f:80:c0:ce:2e,-75.55172,2.62660
C4D3,50:0f:80:c4:5f:6e,-84.61538,2.45075
C4D3,50:0f:80:e3:79:61,-71.14815,3.39347
C4D3,50:0f:80:fd:7f:bd,-76.71429,2.33900
C4D3,50:0f:80:fd:7f:be,-76.82759,2.52231
C4D3,50:0f:80:fd:7f:bf,-76.76923,2.37163
C5D3,38:90:a5:20:e9:00,-60.80769,3.73116
C5D3,38:90:a5:20:e9:01,-61.86207,4.69593
C5D3,38:90:a5:20:e9:02,-61.69231,4.24046
C5D3,38:90:a5:20:e9:0d,-66.64286,2.55625
C5D3,38:90:a5:20:e9:0e,-66.17857,2.37352
C5D3,38:90:a5:20:e9:0f,-66.65517,2.30335
C5D3,38:90:a5:20:f0:ff,-74.15385,1.97367
C5D3,38:90:a5:37:42:d0,-54.33333,3.62304
C5D3,38:90:a5:37:42:d1,-53.86207,3.28116
C5D3,38:90:a5:37:42:d2,-54.06667,3.16155
C5D3,38:90:a5:37:42:dd,-55.86207,1.76724
C5D3,38:90:a5:37:42:de,-56.00000,1.85695
C5D3,38:90:a5:37:42:df,-55.90000,2.04011
C5D3,38:90:a5:91:74:1e,-83.38462,2.11805
C5D3,50:0f:80:c0:ce:2d,-78.58621,2.21226
C5D3,50:0f:80:c0:ce:2e,-78.42857,1.97068
C5D3,50:0f:80:c4:5f:6e,-87.39286,1.89227
C5D3,50:0f:80:fd:7f:be,-83.59259,1.57527
C6D3,38:90:a5:20:e9:00,-55.94118,5.37902
C6D3,38:90:a5:20:e9:01,-57.20000,7.20088
C6D3,38:90:a5:20:e9:02,-56.70588,7.98252
C6D3,38:90:a5:20:e9:0d,-62.40000,2.92719
C6D3,38:90:a5:20:e9:0e,-62.50000,2.70477
C6D3,38:90:a5:20:e9:0f,-62.40000,3.05045
C6D3,38:90:a5:37:40:80,-61.61111,3.41517
C6D3,38:90:a5:37:40:81,-61.11111,2.32351
C6D3,38:90:a5:37:40:82,-61.68421,2.74980
C6D3,38:90:a5:37:40:8d,-67.21053,6.08805
C6D3,38:90:a5:37:40:8e,-66.70000,2.12999
C6D3,38:90:a5:37:40:8f,-66.80000,2.19089
C6D3,38:90:a5:37:42:d0,-52.21053,3.55245
C6D3,38:90:a5:37:42:d1,-52.42105,3.62577
C6D3,38:90:a5:37:42:d2,-52.42105,3.48514
C6D3,38:90:a5:37:42:dd,-51.20000,4.56070
C6D3,38:90:a5:37:42:de,-53.00000,8.08507
C6D3,38:90:a5:37:42:df,-51.40000,5.05132
C6D3,50:0f:80:c0:ce:2e,-84.61111,2.59272
C6D3,50:0f:80:e3:79:61,-65.57895,3.64106
C6D3,50:0f:80:e3:79:62,-66.00000,3.57071
C6D3,50:0f:80:e3:79:6d,-67.11111,1.99673
C6D3,50:0f:80:e3:79:6e,-67.47368,2.03766
C6D3,50:0f:80:e3:79:6f,-67.29412,2.02376
C6D3,50:0f:80:ee:6d:5e,-87.00000,0.93541
C6D3,50:0f:80:fd:7f:be,-84.16667,2.57248
C7D3,38:90:a5:20:e9:0d,-69.25000,2.04803
C7D3,38:90:a5:20:e9:0e,-69.34483,2.27213
C7D3,38:90:a5:20:e9:0f,-69.51724,1.92021
C7D3,38:90:a5:37:40:8d,-72.00000,1.43925
C7D3,38:90:a5:37:40:8e,-71.96667,1.79046
C7D3,38:90:a5:37:40:8f,-72.73333,1.59597
C7D3,38:90:a5:37:42:d0,-44.90000,2.44032
C7D3,38:90:a5:37:42:d1,-44.80000,2.51067
C7D3,38:90:a5:37:42:d2,-44.90000,2.52368
C7D3,38:90:a5:37:42:dd,-45.86667,1.35782
C7D3,38:90:a5:37:42:de,-46.10000,1.18467
C7D3,38:90:a5:37:42:df,-46.00000,1.25945
C7D3,50:0f:80:c0:ce:2e,-86.57143,2.04448
C7D3,50:0f:80:e3:79:61,-67.37037,3.44348
C7D3,50:0f:80:e3:79:6d,-69.92857,2.38713
C7D3,50:0f:80:e3:79:6e,-70.22222,3.11736
C7D3,50:0f:80:e3:79:6f,-70.03333,2.37056
C7D3,50:0f:80:ee:6d:5e,-83.25000,1.43049
C8D3,38:90:a5:20:e9:0d,-78.72414,2.13636
C8D3,38:90:a5:20:e9:0e,-78.96552,1.93617
C8D3,38:90:a5:20:e9:0f,-78.85714,2.10316
C8D3,38:90:a5:37:40:80,-56.62069,4.84336
C8D3,38:90:a5:37:40:81,-57.17241,4.51243
C8D3,38:90:a5:37:40:82,-56.75862,3.81403
C8D3,38:90:a5:37:40:8d,-59.03333,2.04237
C8D3,38:90:a5:37:40:8e,-59.30000,2.15198
C8D3,38:90:a5:37:40:8f,-59.10000,2.24914
C8D3,38:90:a5:37:42:d1,-60.59259,2.00498
C8D3,38:90:a5:37:42:d2,-60.66667,1.90142
C8D3,38:90:a5:37:42:dd,-63.70000,2.61494
C8D3,38:90:a5:37:42:de,-63.90000,2.68264
C8D3,38:90:a5:37:42:df,-63.76667,2.47307
C8D3,38:90:a5:8c:7c:df,-76.75000,3.00154
C8D3,50:0f:80:c4:5f:6d,-78.34483,5.17049
C8D3,50:0f:80:c4:5f:6e,-78.68966,5.04341
C8D3,50:0f:80:c4:5f:6f,-78.26667,4.79176
C8D3,50:0f:80:e3:79:6d,-67.96667,1.32570
C8D3,50:0f:80:e3:79:6e,-68.13333,1.35782
C8D3,50:0f:80:e3:79:6f,-68.00000,1.38962
C9D3,38:90:a5:20:e9:0d,-76.72414,3.62429
C9D3,38:90:a5:20:e9:0e,-77.85714,5.20480
C9D3,38:90:a5:20:e9:0f,-76.50000,3.49137
C9D3,38:90:a5:37:40:80,-49.67857,2.76290
C9D3,38:90:a5:37:40:81,-49.64286,2.79171
C9D3,38:90:a5:37:40:82,-49.78571,2.85913
C9D3,38:90:a5:37:40:8d,-47.36667,2.22033
C9D3,38:90:a5:37:40:8e,-47.56667,2.41666
C9D3,38:90:a5:37:40:8f,-47.46667,2.31537
C9D3,38:90:a5:37:42:d1,-62.69231,2.58873
C9D3,38:90:a5:37:42:d2,-63.00000,2.73523
C9D3,38:90:a5:37:42:dd,-73.19231,2.28069
C9D3,38:90:a5:37:42:de,-73.48276,2.30869
C9D3,38:90:a5:37:42:df,-73.46667,2.23966
C9D3,50:0f:80:c4:5f:6d,-82.46429,3.69667
C9D3,50:0f:80:c4:5f:6e,-82.60714,3.73511
C9D3,50:0f:80:c4:5f:6f,-82.53571,3.67657
C9D3,50:0f:80:e3:79:6d,-66.51724,3.66080
C9D3,50:0f:80:e3:79:6e,-66.70000,3.85200
C9D3,50:0f:80:e3:79:6f,-66.25000,3.61709
C10D3,38:90:a5:20:e9:0d,-70.68421,2.88776
C10D3,38:90:a5:20:e9:0e,-70.65000,2.83354
C10D3,38:90:a5:20:e9:0f,-71.05882,2.70348
C10D3,38:90:a5:37:40:80,-56.31579,4.28243
C10D3,38:90:a5:37:40:81,-56.90000,4.81117
C10D3,38:90:a5:37:40:82,-56.63158,4.29742
C10D3,38:90:a5:37:40:8d,-62.40000,2.85436
C10D3,38:90:a5:37:40:8e,-62.30000,3.09669
C10D3,38:90:a5:37:40:8f,-63.20000,2.44088
C10D3,38:90:a5:37:42:d1,-63.00000,5.01762
C10D3,38:90:a5:37:42:d2,-62.52632,4.98184
C10D3,38:90:a5:37:42:dd,-70.15000,4.72702
C10D3,38:90:a5:37:42:de,-69.70000,3.06251
C10D3,38:90:a5:37:42:df,-69.80000,4.80789
C10D3,50:0f:80:c4:5f:6d,-79.15000,5.21410
C10D3,50:0f:80:c4:5f:6e,-79.15000,4.79336
C10D3,50:0f:80:c4:5f:6f,-79.05000,4.98920
C10D3,50:0f:80:e3:79:6d,-60.90000,2.35975
C10D3,50:0f:80:e3:79:6e,-60.85000,2.05900
C10D3,50:0f:80:e3:79:6f,-60.40000,1.72901
C11D3,38:90:a5:00:09:4e,-85.73077,1.75631
C11D3,38:90:a5:37:40:81,-69.26923,3.48204
C11D3,38:90:a5:37:40:8d,-69.00000,2.21282
C11D3,38:90:a5:37:40:8e,-69.66667,3.37673
C11D3,38:90:a5:37:40:8f,-70.30000,4.41119
C11D3,38:90:a5:37:42:d2,-64.00000,6.44360
C11D3,38:90:a5:37:42:dd,-73.51724,2.35464
C11D3,38:90:a5:37:42:de,-73.60000,2.11073
C11D3,38:90:a5:37:42:df,-73.53333,2.14530
C11D3,38:90:a5:8c:93:e1,-70.03846,2.50569
C11D3,38:90:a5:8c:93:ee,-84.57143,1.93273
C11D3,50:0f:80:c4:5f:6d,-77.85714,2.18944
C11D3,50:0f:80:c4:5f:6e,-77.62069,2.16158
C11D3,50:0f:80:c4:5f:6f,-77.78571,1.87295
C11D3,50:0f:80:e3:79:60,-50.67857,6.01266
C11D3,50:0f:80:e3:79:61,-49.96552,2.65226
C11D3,50:0f:80:e3:79:62,-49.93103,2.34416
C11D3,50:0f:80:e3:79:6d,-47.76667,2.66113
C11D3,50:0f:80:e3:79:6e,-47.36667,2.98829
C11D3,50:0f:80:e3:79:6f,-47.20000,2.35475
C11D3,50:0f:80:fd:7f:5d,-80.48148,1.84746
C11D3,50:0f:80:fd:7f:5e,-80.37037,1.92450
C11D3,50:0f:80:fd:7f:5f,-80.66667,2.15492
C12D3,38:90:a5:00:09:4e,-77.03846,3.13025
C12D3,50:0f:80:c0:ce:2d,-72.96429,3.13265
C12D3,50:0f:80:c0:ce:2e,-73.14815,3.38212
C12D3,50:0f:80:c0:ce:2f,-73.14286,3.12356
C12D3,50:0f:80:c4:5f:6d,-66.65517,2.17577
C12D3,50:0f:80:c4:5f:6e,-66.68966,2.08915
C12D3,50:0f:80:c4:5f:6f,-66.93333,2.50425
C12D3,50:0f:80:d8:f3:7e,-73.59259,3.92486
C12D3,50:0f:80:e3:79:6d,-61.63333,1.24522
C12D3,50:0f:80:e3:79:6e,-62.13333,3.83031
C12D3,50:0f:80:e3:79:6f,-61.73333,1.22990
C12D3,50:0f:80:fd:7f:5e,-78.11111,1.88788
C13D3,38:90:a5:00:09:4f,-82.24138,2.68135
C13D3,38:90:a5:37:46:9d,-74.67857,1.70084
C13D3,38:90:a5:37:46:9e,-74.88462,1.75104
C13D3,38:90:a5:37:46:9f,-74.85714,1.60357
C13D3,38:90:a5:8c:93:ee,-82.46154,2.65678
C13D3,50:0f:80:c0:ce:20,-56.43333,3.43093
C13D3,50:0f:80:c0:ce:21,-57.00000,4.23451
C13D3,50:0f:80:c0:ce:22,-56.56667,3.46095
C13D3,50:0f:80:c0:ce:2d,-60.93333,2.71564
C13D3,50:0f:80:c0:ce:2e,-61.53333,4.92519
C13D3,50:0f:80:c0:ce:2f,-61.66667,4.11334
C13D3,50:0f:80:c4:5f:6d,-64.63333,2.76035
C13D3,50:0f:80:c4:5f:6e,-64.63333,2.63247
C13D3,50:0f:80:c4:5f:6f,-64.76667,2.66113
C13D3,50:0f:80:c4:60:0e,-75.03846,3.29218
C13D3,50:0f:80:e3:79:6d,-67.73333,2.61209
C13D3,50:0f:80:e3:79:6e,-67.46667,2.38867
C13D3,50:0f:80:e3:79:6f,-67.60000,2.38675
C13D3,50:0f:80:fd:7f:be,-75.85714,3.22851
C13D3,50:0f:80:fd:84:4e,-81.33333,3.81293
C13D3,50:0f:80:fe:3f:8d,-78.19231,2.49831
C13D3,50:0f:80:fe:3f:8f,-77.60714,2.04286
C14D3,38:90:a5:20:e9:0d,-67.86207,2.11667
C14D3,38:90:a5:20:e9:0e,-67.62963,1.92450
C14D3,38:90:a5:20:e9:0f,-67.81481,2.11291
C14D3,38:90:a5:37:46:9d,-76.53571,2.86075
C14D3,38:90:a5:37:46:9e,-76.77778,2.76424
C14D3,38:90:a5:37:46:9f,-76.66667,2.85549
C14D3,50:0f:80:c0:ce:20,-49.82759,2.39149
C14D3,50:0f:80:c0:ce:21,-49.96667,2.38506
C14D3,50:0f:80:c0:ce:22,-50.03333,2.47028
C14D3,50:0f:80:c0:ce:2d,-49.76667,1.61210
C14D3,50:0f:80:c0:ce:2e,-49.70000,1.29055
C14D3,50:0f:80:c0:ce:2f,-49.46667,1.35782
C14D3,50:0f:80:c4:60:0d,-69.03704,3.75686
C14D3,50:0f:80:c4:60:0e,-69.14286,3.50359
C14D3,50:0f:80:c4:60:0f,-68.73077,3.99557
C14D3,50:0f:80:d8:ee:0e,-77.14286,2.27245
C14D3,50:0f:80:fd:7f:be,-68.37037,3.06529
C14D3,50:0f:80:fd:84:4e,-79.51852,5.96380
C14D3,e0:3f:49:09:d9:9c,-90.55172,1.76445
C15D3,38:90:a5:00:09:4d,-77.00000,2.52678
C15D3,38:90:a5:20:f0:fd,-69.92857,3.62020
C15D3,38:90:a5:20:f0:fe,-70.32143,3.11571
C15D3,38:90:a5:37:46:9d,-77.03571,1.45251
C15D3,38:90:a5:37:46:9e,-77.31034,1.60587
C15D3,38:90:a5:37:46:9f,-78.00000,3.56225
C15D3,50:0f:80:c0:ce:2d,-68.67857,4.43098
C15D3,50:0f:80:c0:ce:2e,-69.48148,5.97669
C15D3,50:0f:80:c4:5f:9e,-81.48148,1.90889
C15D3,50:0f:80:c4:60:0d,-68.00000,1.64924
C15D3,50:0f:80:d8:ee:01,-64.46154,4.22593
C15D3,50:0f:80:d8:ee:0d,-67.90000,1.74889
C15D3,50:0f:80:d8:ee:0e,-68.80000,3.57578
C15D3,50:0f:80:d8:ee:0f,-67.90000,1.60495
C15D3,50:0f:80:fd:7f:b0,-58.50000,4.50103
C15D3,50:0f:80:fd:7f:b1,-58.03571,3.06089
C15D3,50:0f:80:fd:7f:b2,-57.57143,2.23488
C15D3,50:0f:80:fd:7f:bd,-57.13793,3.97963
C15D3,50:0f:80:fd:7f:be,-57.20000,3.93394
C15D3,50:0f:80:fd:7f:bf,-57.53333,4.16664
C15D3,50:0f:80:fe:3f:8e,-74.03704,2.75236
C15D3,50:0f:80:fe:3f:8f,-73.50000,2.50200
C15D3,e0:3f:49:09:d9:9c,-84.96667,1.82857
C16D3,38:90:a5:20:e9:00,-62.00000,2.74874
C16D3,38:90:a5:20:e9:01,-61.33333,2.59808
C16D3,38:90:a5:20:e9:02,-61.77778,2.99073
C16D3,38:90:a5:20:e9:0d,-70.80000,1.13529
C16D3,38:90:a5:20:e9:0e,-71.40000,0.84327
C16D3,38:90:a5:20:e9:0f,-71.20000,0.78881
C16D3,38:90:a5:37:42:dd,-73.10000,1.10050
C16D3,38:90:a5:37:42:de,-73.60000,1.17379
C16D3,38:90:a5:37:42:df,-73.20000,1.22927
C16D3,50:0f:80:c0:ce:20,-67.30000,1.63639
C16D3,50:0f:80:c0:ce:21,-67.20000,1.47573
C16D3,50:0f:80:c0:ce:22,-67.80000,1.75119
C16D3,50:0f:80:c0:ce:2f,-81.00000,1.32288
C16D3,50:0f:80:d8:f3:7e,-88.22222,0.97183
C16D3,50:0f:80:e3:79:6d,-85.66667,2.06155
C16D3,50:0f:80:e3:79:6e,-85.80000,1.54919
C16D3,50:0f:80:fd:7f:51,-68.11111,2.97676
C16D3,50:0f:80:fd:7f:5d,-79.50000,2.22361
C16D3,50:0f:80:fd:7f:5e,-79.11111,1.90029
C16D3,50:0f:80:fd:7f:5f,-79.10000,2.42441
C17D3,38:90:a5:91:74:1d,-76.82759,1.73347
C17D3,38:90:a5:91:74:1e,-76.93333,1.83704
C17D3,38:90:a5:91:74:1f,-76.71429,1.56008
C17D3,50:0f:80:c0:ce:21,-64.30769,3.77115
C17D3,50:0f:80:c0:ce:2d,-78.96154,1.66086
C17D3,50:0f:80:c0:ce:2e,-79.24138,2.42980
C17D3,50:0f:80:c4:5f:6e,-87.62963,1.62073
C17D3,50:0f:80:d8:f4:2e,-84.18519,2.14901
C17D3,50:0f:80:e3:74:2d,-80.56667,1.71572
C17D3,50:0f:80:e3:74:2e,-80.56667,1.85106
C17D3,50:0f:80:e3:74:2f,-80.96667,1.86591
C17D3,50:0f:80:fd:7f:50,-64.39286,3.14277
C17D3,50:0f:80:fd:7f:51,-65.03846,3.15570
C17D3,50:0f:80:fd:7f:52,-64.84615,3.17102
C17D3,50:0f:80:fd:7f:5d,-69.48276,1.15328
C17D3,50:0f:80:fd:7f:5e,-70.00000,2.20389
C17D3,50:0f:80:fd:7f:5f,-69.65517,1.11085
C17D3,e0:3f:49:09:d9:9c,-91.41379,1.47642
C18D3,38:90:a5:91:74:11,-67.84615,2.49307
C18D3,38:90:a5:91:74:12,-67.61538,3.04732
C18D3,38:90:a5:91:74:1d,-68.36667,1.65015
C18D3,38:90:a5:91:74:1e,-68.40000,1.81184
C18D3,38:90:a5:91:74:1f,-68.06667,1.68018
C18D3,38:90:a5:9d:10:9d,-70.44828,1.80448
C18D3,38:90:a5:9d:10:9e,-70.20690,1.83963
C18D3,38:90:a5:9d:10:9f,-70.60000,1.81184
C18D3,38:90:a5:9d:1a:e0,-55.86667,2.40306
C18D3,38:90:a5:9d:1a:e1,-55.65517,2.74221
C18D3,38:90:a5:9d:1a:e2,-55.66667,2.74595
C18D3,38:90:a5:9d:1a:ed,-54.75000,6.93154
C18D3,38:90:a5:9d:1a:ee,-56.71429,2.10567
C18D3,38:90:a5:9d:1a:ef,-56.60000,2.38675
C18D3,50:0f:80:fd:6d:7d,-70.62069,2.52719
C18D3,50:0f:80:fd:6d:7e,-70.40000,2.44385
C18D3,50:0f:80:fd:6d:7f,-71.13333,3.13746
C18D3,50:0f:80:fd:7f:bd,-79.31034,2.03722
C18D3,50:0f:80:fd:7f:be,-79.17241,1.96521
C18D3,50:0f:80:fd:7f:bf,-79.26667,1.98152
C18D3,50:0f:80:fd:85:0e,-80.03448,2.70559
C18D3,e0:3f:49:09:d9:9c,-62.80000,2.05779
C19D3,38:90:a5:8f:e7:0d,-83.78947,1.65257
C19D3,38:90:a5:8f:e7:0e,-84.15789,2.65127
C19D3,38:90:a5:8f:e7:0f,-83.55000,1.70062
C19D3,38:90:a5:8f:e7:d1,-69.88889,2.02598
C19D3,38:90:a5:9d:0f:30,-52.10000,2.02355
C19D3,38:90:a5:9d:0f:31,-53.33333,5.64645
C19D3,38:90:a5:9d:0f:32,-51.61111,3.10860
C19D3,38:90:a5:9d:0f:3d,-53.83333,2.35772
C19D3,38:90:a5:9d:0f:3e,-54.05556,2.26150
C19D3,38:90:a5:9d:0f:3f,-54.00000,2.15211
C19D3,50:0f:80:d8:f4:2d,-78.77778,2.28950
C19D3,50:0f:80:d8:f4:2e,-78.42105,2.06332
C19D3,50:0f:80:d8:f4:2f,-78.11765,2.42080
C19D3,50:0f:80:e3:74:2d,-74.10000,1.33377
C19D3,50:0f:80:e3:74:2e,-74.15000,1.46089
C19D3,50:0f:80:e3:74:2f,-74.65000,1.46089
C19D3,50:0f:80:e3:79:61,-70.00000,2.64575
C19D3,50:0f:80:fd:7f:50,-62.61111,4.65440
C19D3,50:0f:80:fd:7f:51,-62.11111,2.69834
C19D3,50:0f:80:fd:7f:52,-61.72222,2.51596
C19D3,50:0f:80:fd:7f:5d,-59.42105,1.60955
C19D3,50:0f:80:fd:7f:5e,-59.40000,1.56945
C19D3,50:0f:80:fd:7f:5f,-59.73684,1.59311
C1D4,38:90:a5:20:e9:01,-60.07692,3.82542
C1D4,38:90:a5:20:e9:02,-60.03571,3.73653
C1D4,38:90:a5:20:e9:0d,-64.79310,2.49828
C1D4,38:90:a5:20:e9:0e,-65.06897,2.37443
C1D4,38:90:a5:20:e9:0f,-65.53333,1.73669
C1D4,38:90:a5:20:f0:fd,-63.80000,2.39828
C1D4,38:90:a5:20:f0:fe,-63.60714,2.14889
C1D4,38:90:a5:20:f0:ff,-63.93333,2.44855
C1D4,38:90:a5:9d:1a:ee,-86.70370,1.95753
C1D4,38:90:a5:9d:1b:1d,-72.03846,2.10677
C1D4,38:90:a5:9d:1b:1e,-72.50000,2.23607
C1D4,38:90:a5:9d:1b:1f,-72.00000,1.76383
C1D4,50:0f:80:c4:60:0e,-79.75000,3.27307
C1D4,50:0f:80:fd:7f:b0,-61.10714,3.42474
C1D4,50:0f:80:fd:7f:b1,-61.60714,3.91899
C1D4,50:0f:80:fd:7f:b2,-61.32143,3.09185
C1D4,50:0f:80:fd:7f:bd,-61.23333,1.85106
C1D4,50:0f:80:fd:7f:be,-61.00000,2.01717
C1D4,50:0f:80:fd:7f:bf,-61.53333,1.96053
C1D4,e0:3f:49:09:d9:9c,-87.16667,1.66264
C2D4,38:90:a5:20:e9:00,-52.81481,2.98763
C2D4,38:90:a5:20:e9:01,-52.88889,3.11736
C2D4,38:90:a5:20:e9:02,-52.92593,2.93423
C2D4,38:90:a5:20:e9:0d,-61.83333,2.47864
C2D4,38:90:a5:20:e9:0e,-62.70000,4.36404
C2D4,38:90:a5:20:e9:0f,-62.36667,2.25118
C2D4,38:90:a5:20:f0:fd,-69.64286,4.52331
C2D4,38:90:a5:20:f0:fe,-69.62069,4.67068
C2D4,38:90:a5:20:f0:ff,-69.58621,5.00369
C2D4,50:0f:80:c4:60:0d,-78.07407,6.05695
C2D4,50:0f:80:c4:60:0e,-78.55556,5.61819
C2D4,50:0f:80:fd:7f:b0,-60.23077,2.26817
C2D4,50:0f:80:fd:7f:b1,-60.89655,3.23314
C2D4,50:0f:80:fd:7f:b2,-60.25926,2.42729
C2D4,50:0f:80:fd:7f:bd,-62.31034,1.89178
C2D4,50:0f:80:fd:7f:be,-62.13793,1.95894
C2D4,50:0f:80:fd:7f:bf,-62.41379,1.82282
C2D4,e0:3f:49:09:d9:9c,-89.00000,1.25357
C3D4,38:90:a5:20:e9:00,-45.40741,2.00498
C3D4,38:90:a5:20:e9:01,-45.14815,2.01349
C3D4,38:90:a5:20:e9:02,-45.22222,2.02548
C3D4,38:90:a5:20:e9:0d,-44.03448,1.56941
C3D4,38:90:a5:20:e9:0e,-44.06897,1.75114
C3D4,38:90:a5:20:e9:0f,-44.86667,1.73669
C3D4,38:90:a5:20:f0:fd,-65.93333,1.22990
C3D4,38:90:a5:20:f0:fe,-66.06897,1.22273
C3D4,38:90:a5:20:f0:ff,-66.63333,3.01128
C3D4,38:90:a5:37:40:8d,-82.62963,2.11493
C3D4,38:90:a5:37:42:d1,-66.65385,2.96570
C3D4,38:90:a5:37:42:d2,-66.55556,2.72218
C3D4,38:90:a5:37:42:dd,-66.92308,2.29649
C3D4,38:90:a5:37:42:de,-67.19231,2.63847
C3D4,50:0f:80:c0:ce:20,-60.77778,4.44049
C3D4,50:0f:80:c0:ce:22,-61.07407,4.10371
C3D4,50:0f:80:c0:ce:2d,-66.51724,3.08939
C3D4,50:0f:80:c0:ce:2e,-66.64286,2.93402
C3D4,50:0f:80:c0:ce:2f,-66.35714,3.02109
C3D4,50:0f:80:fd:7f:bf,-70.55556,2.04438
C4D4,38:90:a5:20:e9:00,-51.53571,3.56404
C4D4,38:90:a5:20:e9:01,-53.41379,6.32183
C4D4,38:90:a5:20:e9:02,-51.71429,3.71042
C4D4,38:90:a5:20:e9:0d,-53.92857,3.69112
C4D4,38:90:a5:20:e9:0e,-53.62963,3.72257
C4D4,38:90:a5:20:e9:0f,-53.81481,4.15134
C4D4,38:90:a5:37:42:d0,-58.86207,3.39878
C4D4,38:90:a5:37:42:d1,-58.79310,3.37405
C4D4,38:90:a5:37:42:d2,-58.89655,3.38426
C4D4,38:90:a5:37:42:dd,-65.44444,1.47631
C4D4,38:90:a5:37:42:de,-65.96667,1.73172
C4D4,38:90:a5:37:42:df,-65.60000,1.84951
C4D4,50:0f:80:c0:ce:2e,-73.10345,2.14384
C4D4,50:0f:80:e3:79:61,-70.46154,3.72270
C4D4,50:0f:80:fd:7f:be,-77.85714,1.79947
C4D4,50:0f:80:fd:7f:bf,-77.88462,2.02636
C5D4,38:90:a5:20:e9:01,-60.15385,3.81253
C5D4,38:90:a5:20:e9:0d,-66.33333,1.56102
C5D4,38:90:a5:20:e9:0e,-66.66667,3.19842
C5D4,38:90:a5:20:e9:0f,-66.36667,1.58622
C5D4,38:90:a5:20:f0:fd,-74.92308,2.85549
C5D4,38:90:a5:37:42:d0,-49.51852,4.74237
C5D4,38:90:a5:37:42:d1,-49.53571,4.90262
C5D4,38:90:a5:37:42:d2,-49.59259,4.94788
C5D4,38:90:a5:37:42:dd,-54.81481,1.64169
C5D4,38:90:a5:37:42:de,-54.72414,1.66683
C5D4,38:90:a5:37:42:df,-55.06897,1.75114
C5D4,50:0f:80:c0:ce:2e,-74.67857,2.05577
C6D4,38:90:a5:20:e9:01,-56.10526,3.21273
C6D4,38:90:a5:20:e9:02,-55.76471,3.05224
C6D4,38:90:a5:20:e9:0d,-61.68421,3.43273
C6D4,38:90:a5:20:e9:0e,-61.94737,3.27403
C6D4,38:90:a5:20:e9:0f,-61.57895,3.51688
C6D4,38:90:a5:20:f0:fe,-79.38889,3.74384
C6D4,38:90:a5:37:40:81,-64.00000,2.09165
C6D4,38:90:a5:37:40:82,-64.42105,2.06332
C6D4,38:90:a5:37:40:8d,-70.31579,2.02903
C6D4,38:90:a5:37:40:8e,-70.65000,1.89945
C6D4,38:90:a5:37:40:8f,-71.10000,3.11025
C6D4,38:90:a5:37:42:d0,-53.36842,2.06049
C6D4,38:90:a5:37:42:d1,-53.26316,2.05053
C6D4,38:90:a5:37:42:d2,-53.47368,2.50263
C6D4,38:90:a5:37:42:dd,-54.30000,3.45040
C6D4,38:90:a5:37:42:de,-54.40000,3.06766
C6D4,38:90:a5:37:42:df,-54.25000,3.30669
C6D4,38:90:a5:8c:93:ee,-84.88235,1.11144
C6D4,50:0f:80:c0:ce:2e,-85.26316,1.52177
C6D4,50:0f:80:c4:5f:6e,-79.05263,4.74311
C6D4,50:0f:80:c4:5f:6f,-79.33333,4.25648
C6D4,50:0f:80:e3:79:62,-63.35294,1.49755
C6D4,50:0f:80:e3:79:6d,-66.22222,2.04524
C6D4,50:0f:80:e3:79:6e,-66.26316,2.15618
C6D4,50:0f:80:e3:79:6f,-66.41176,2.50147
C6D4,50:0f:80:ee:6d:5e,-87.82353,1.18508
C6D4,50:0f:80:fd:7f:5e,-79.29412,1.92888
C7D4,38:90:a5:20:e9:01,-66.76923,1.94541
C7D4,38:90:a5:20:e9:0d,-69.83333,1.28877
C7D4,38:90:a5:20:e9:0e,-69.90000,1.47040
C7D4,38:90:a5:20:e9:0f,-70.00000,1.41421
C7D4,38:90:a5:37:40:8d,-74.85185,2.19622
C7D4,38:90:a5:37:40:8e,-75.10345,2.12712
C7D4,38:90:a5:37:40:8f,-74.89655,2.00615
C7D4,38:90:a5:37:42:d0,-45.00000,1.80038
C7D4,38:90:a5:37:42:d1,-44.93333,1.70057
C7D4,38:90:a5:37:42:d2,-44.93333,1.79911
C7D4,38:90:a5:37:42:dd,-47.33333,2.21800
C7D4,38:90:a5:37:42:de,-49.00000,7.71921
C7D4,38:90:a5:37:42:df,-47.33333,2.05667
C7D4,50:0f:80:e3:79:61,-65.44828,4.43675
C7D4,50:0f:80:e3:79:6d,-68.42857,1.59695
C7D4,50:0f:80:e3:79:6e,-68.48276,1.47892
C7D4,50:0f:80:e3:79:6f,-68.41379,1.50041
C7D4,50:0f:80:ee:6d:5e,-81.37037,1.98355
C8D4,38:90:a5:20:e9:01,-67.11111,2.99144
C8D4,38:90:a5:20:e9:0d,-76.96429,2.13406
C8D4,38:90:a5:20:e9:0e,-77.10714,2.21676
C8D4,38:90:a5:20:e9:0f,-77.16667,2.21411
C8D4,38:90:a5:37:40:80,-58.96667,1.84733
C8D4,38:90:a5:37:40:81,-59.00000,1.71131
C8D4,38:90:a5:37:40:82,-59.00000,1.64751
C8D4,38:90:a5:37:40:8d,-62.03448,2.42727
C8D4,38:90:a5:37:40:8e,-61.96552,2.22779
C8D4,38:90:a5:37:40:8f,-62.20690,2.09386
C8D4,38:90:a5:37:42:dd,-66.28571,2.22539
C8D4,38:90:a5:37:42:de,-66.58621,1.95516
C8D4,38:90:a5:37:42:df,-66.40000,2.29843
C8D4,38:90:a5:8c:7c:df,-77.96552,1.49959
C8D4,50:0f:80:c4:5f:6d,-79.93103,4.46359
C8D4,50:0f:80:c4:5f:6e,-80.89655,5.12239
C8D4,50:0f:80:c4:5f:6f,-79.93333,4.33059
C8D4,50:0f:80:e3:79:61,-60.18519,7.67632
C8D4,50:0f:80:e3:79:6d,-66.26667,2.03306
C8D4,50:0f:80:e3:79:6e,-66.13333,1.94286
C8D4,50:0f:80:e3:79:6f,-66.56667,1.52414
C9D4,38:90:a5:20:e9:0d,-77.89655,4.54615
C9D4,38:90:a5:20:e9:0e,-78.13793,5.25577
C9D4,38:90:a5:20:e9:0f,-78.29630,4.23188
C9D4,38:90:a5:37:40:80,-48.00000,2.11725
C9D4,38:90:a5:37:40:81,-48.13333,2.20866
C9D4,38:90:a5:37:40:82,-48.16667,2.24505
C9D4,38:90:a5:37:40:8d,-46.37931,2.74400
C9D4,38:90:a5:37:40:8e,-46.63333,2.53912
C9D4,38:90:a5:37:40:8f,-46.46667,3.09319
C9D4,38:90:a5:37:42:dd,-72.40000,1.22051
C9D4,38:90:a5:37:42:de,-72.51724,1.08958
C9D4,38:90:a5:37:42:df,-72.60000,1.06997
C9D4,50:0f:80:c4:5f:6d,-81.93103,2.67169
C9D4,50:0f:80:c4:5f:6e,-82.10000,2.57776
C9D4,50:0f:80:c4:5f:6f,-81.96667,2.79758
C9D4,50:0f:80:e3:79:6d,-66.78571,2.62970
C9D4,50:0f:80:e3:79:6e,-67.03448,2.67906
C9D4,50:0f:80:e3:79:6f,-67.21429,2.31512
C10D4,38:90:a5:20:e9:0d,-75.40000,3.84434
C10D4,38:90:a5:20:e9:0e,-75.16667,3.51886
C10D4,38:90:a5:20:e9:0f,-75.57895,3.89181
C10D4,38:90:a5:37:40:80,-59.38889,7.30945
C10D4,38:90:a5:37:40:81,-58.31579,4.74988
C10D4,38:90:a5:37:40:82,-58.05263,4.46559
C10D4,38:90:a5:37:40:8d,-60.90000,3.44735
C10D4,38:90:a5:37:40:8e,-60.84211,3.21910
C10D4,38:90:a5:37:40:8f,-61.35000,2.94288
C10D4,38:90:a5:37:42:dd,-71.75000,3.85084
C10D4,38:90:a5:37:42:de,-71.15789,2.45545
C10D4,38:90:a5:37:42:df,-71.00000,2.47088
C10D4,50:0f:80:c4:5f:6d,-76.68421,2.88776
C10D4,50:0f:80:c4:5f:6e,-76.89474,2.74661
C10D4,50:0f:80:c4:5f:6f,-77.20000,3.48833
C10D4,50:0f:80:e3:79:61,-59.55556,3.25797
C10D4,50:0f:80:e3:79:62,-59.88889,3.16021
C10D4,50:0f:80:e3:79:6d,-57.75000,2.42520
C10D4,50:0f:80:e3:79:6e,-58.05000,2.37254
C10D4,50:0f:80:e3:79:6f,-58.40000,2.66359
C11D4,38:90:a5:00:09:4e,-82.35714,5.21546
C11D4,38:90:a5:37:40:8d,-69.79310,2.76947
C11D4,38:90:a5:37:40:8e,-69.96667,2.61934
C11D4,38:90:a5:37:40:8f,-70.60000,4.01377
C11D4,38:90:a5:37:42:dd,-71.73333,3.13966
C11D4,38:90:a5:37:42:de,-72.00000,2.99382
C11D4,38:90:a5:37:42:df,-71.83333,3.24923
C11D4,38:90:a5:8c:93:ee,-83.51724,1.54967
C11D4,38:90:a5:91:7f:8e,-85.19231,2.28069
C11D4,50:0f:80:c0:ce:2e,-86.10714,2.31484
C11D4,50:0f:80:c4:5f:6d,-77.67857,2.74946
C11D4,50:0f:80:c4:5f:6e,-77.34615,2.65243
C11D4,50:0f:80:c4:5f:6f,-77.14286,2.42997
C11D4,50:0f:80:e3:79:60,-49.13793,5.28964
C11D4,50:0f:80:e3:79:61,-48.31034,2.97734
C11D4,50:0f:80:e3:79:62,-48.48276,3.36601
C11D4,50:0f:80:e3:79:6d,-48.46667,3.39100
C11D4,50:0f:80:e3:79:6e,-48.73333,3.32113
C11D4,50:0f:80:e3:79:6f,-47.90000,2.46842
C11D4,50:0f:80:fd:7f:5d,-80.20690,2.12770
C11D4,50:0f:80:fd:7f:5e,-80.27586,2.50566
C11D4,50:0f:80:fd:7f:5f,-80.42857,2.26779
C12D4,38:90:a5:00:09:4d,-72.50000,3.10161
C12D4,38:90:a5:00:09:4e,-72.57143,3.61508
C12D4,38:90:a5:00:09:4f,-72.00000,2.96898
C12D4,38:90:a5:8f:e7:0e,-83.07692,2.20768
C12D4,50:0f:80:c0:ce:21,-66.28571,2.63674
C12D4,50:0f:80:c0:ce:2d,-71.80000,4.37390
C12D4,50:0f:80:c0:ce:2e,-73.13793,5.11806
C12D4,50:0f:80:c0:ce:2f,-71.70000,3.58301
C12D4,50:0f:80:c4:5f:6d,-67.35714,1.33927
C12D4,50:0f:80:c4:5f:6e,-67.34483,1.44608
C12D4,50:0f:80:c4:5f:6f,-67.48276,1.57255
C12D4,50:0f:80:c4:5f:7e,-76.38462,2.85765
C12D4,50:0f:80:e3:79:6d,-60.83333,2.64032
C12D4,50:0f:80:e3:79:6e,-60.86667,1.92503
C12D4,50:0f:80:e3:79:6f,-60.73333,1.81817
C13D4,38:90:a5:00:01:8f,-87.15385,1.50013
C13D4,38:90:a5:00:09:4d,-87.00000,1.89943
C13D4,38:90:a5:00:09:4e,-86.93878,1.89746
C13D4,38:90:a5:00:09:4f,-86.82000,1.69862
C13D4,38:90:a5:37:46:9d,-76.98039,1.89199
C13D4,38:90:a5:8c:93:ee,-81.94444,2.23536
C13D4,50:0f:80:c0:ce:20,-51.18182,2.74935
C13D4,50:0f:80:c0:ce:21,-51.16364,2.87237
C13D4,50:0f:80:c0:ce:22,-51.27273,2.72475
C13D4,50:0f:80:c0:ce:2d,-61.43860,1.72189
C13D4,50:0f:80:c0:ce:2e,-61.29825,1.80243
C13D4,50:0f:80:c0:ce:2f,-61.45614,1.68046
C13D4,50:0f:80:c4:5f:61,-58.50000,2.23379
C13D4,50:0f:80:c4:5f:62,-58.26000,1.65134
C13D4,50:0f:80:c4:5f:6d,-57.87273,2.66009
C13D4,50:0f:80:c4:5f:6e,-57.76471,2.68766
C13D4,50:0f:80:c4:5f:6f,-57.69643,2.54358
C13D4,50:0f:80:c4:5f:9d,-84.24000,1.43655
C13D4,50:0f:80:c4:60:0e,-75.59184,1.64467
C13D4,50:0f:80:e3:79:6d,-72.94444,2.70162
C13D4,50:0f:80:e3:79:6e,-72.94444,2.87091
C13D4,50:0f:80:e3:79:6f,-72.85455,2.44509
C13D4,50:0f:80:fd:7f:be,-76.58929,3.24052
C13D4,50:0f:80:fe:3f:8f,-79.05769,2.78943
C14D4,38:90:a5:20:e9:01,-61.70370,2.03460
C14D4,38:90:a5:20:e9:0d,-68.65385,2.15299
C14D4,38:90:a5:37:46:9d,-74.37931,1.61276
C14D4,38:90:a5:37:46:9e,-74.32143,1.65672
C14D4,38:90:a5:37:46:9f,-75.10000,2.24914
C14D4,50:0f:80:c0:ce:20,-51.44828,3.38680
C14D4,50:0f:80:c0:ce:21,-51.27586,3.12703
C14D4,50:0f:80:c0:ce:22,-52.07143,4.88329
C14D4,50:0f:80:c0:ce:2d,-52.41379,2.92181
C14D4,50:0f:80:c0:ce:2e,-52.24138,3.05492
C14D4,50:0f:80:c0:ce:2f,-52.66667,3.13306
C14D4,50:0f:80:c4:5f:9e,-81.26923,1.77894
C14D4,50:0f:80:c4:60:0d,-65.50000,4.69436
C14D4,50:0f:80:c4:60:0e,-65.60714,4.53251
C14D4,50:0f:80:d8:ee:0d,-69.89286,2.89750
C14D4,50:0f:80:d8:ee:0e,-70.32143,3.26659
C14D4,50:0f:80:d8:ee:0f,-69.71429,2.40150
C14D4,50:0f:80:d8:f4:2e,-80.37037,1.94438
C14D4,50:0f:80:fd:7f:be,-68.33333,2.36968
C14D4,50:0f:80:fd:7f:bf,-68.30769,2.52617
C14D4,50:0f:80:fe:3f:8f,-74.14286,2.97787
C14D4,e0:3f:49:09:d9:9c,-90.23333,1.50134
C15D4,38:90:a5:37:46:9d,-72.72414,1.38607
C15D4,38:90:a5:37:46:9e,-72.82759,1.36458
C15D4,38:90:a5:37:46:9f,-73.63333,2.65854
C15D4,50:0f:80:c0:ce:2e,-70.37037,2.13304
C15D4,50:0f:80:c0:ce:2f,-70.67857,2.14396
C15D4,50:0f:80:c4:5f:9e,-78.70370,2.47782
C15D4,50:0f:80:c4:60:0d,-68.03333,2.47028
C15D4,50:0f:80:c4:60:0f,-68.00000,2.53859
C15D4,50:0f:80:d8:ee:0d,-72.23333,2.12835
C15D4,50:0f:80:d8:ee:0e,-72.13793,2.19942
C15D4,50:0f:80:d8:ee:0f,-72.10345,2.07614
C15D4,50:0f:80:e3:7a:fe,-77.29630,4.96770
C15D4,50:0f:80:fd:7f:b0,-59.17241,2.15587
C15D4,50:0f:80:fd:7f:b1,-59.20690,2.22613
C15D4,50:0f:80:fd:7f:b2,-59.23333,2.14449
C15D4,50:0f:80:fd:7f:bd,-58.20000,3.45812
C15D4,50:0f:80:fd:7f:be,-57.93333,3.43344
C15D4,50:0f:80:fd:7f:bf,-58.36667,3.23220
C15D4,50:0f:80:fd:84:4e,-74.70370,5.51093
C15D4,50:0f:80:fe:3f:8d,-71.29630,1.77189
C15D4,50:0f:80:fe:3f:8e,-71.32143,1.92553
C15D4,50:0f:80:fe:3f:8f,-71.11111,1.90815
C15D4,e0:3f:49:09:d9:9c,-85.66667,2.21800
C16D4,38:90:a5:20:e9:00,-58.90000,1.91195
C16D4,38:90:a5:20:e9:01,-57.66667,1.22474
C16D4,38:90:a5:20:e9:02,-57.77778,1.78730
C16D4,38:90:a5:20:e9:0d,-70.30000,0.94868
C16D4,38:90:a5:20:e9:0e,-71.10000,1.44914
C16D4,38:90:a5:20:e9:0f,-71.20000,2.14994
C16D4,38:90:a5:37:42:d0,-72.33333,2.44949
C16D4,38:90:a5:37:42:d1,-72.10000,2.18327
C16D4,38:90:a5:37:42:d2,-72.00000,1.58114
C16D4,38:90:a5:37:42:dd,-74.40000,1.07497
C16D4,38:90:a5:37:42:de,-74.50000,0.84984
C16D4,38:90:a5:37:42:df,-74.30000,1.05935
C16D4,50:0f:80:c0:ce:21,-72.22222,1.85592
C16D4,50:0f:80:c0:ce:2d,-78.77778,1.98606
C16D4,50:0f:80:c0:ce:2e,-78.80000,1.75119
C16D4,50:0f:80:c0:ce:2f,-78.00000,1.32288
C16D4,50:0f:80:d8:f3:7e,-80.33333,2.17945
C16D4,50:0f:80:d8:f3:7f,-80.11111,2.02759
C16D4,50:0f:80:fd:7f:50,-68.55556,2.24227
C16D4,50:0f:80:fd:7f:51,-69.70000,3.77271
C16D4,50:0f:80:fd:7f:52,-69.70000,3.91720
C16D4,50:0f:80:fd:7f:5e,-80.66667,1.00000
C16D4,50:0f:80:fd:7f:5f,-81.11111,1.96497
C17D4,38:90:a5:91:74:1d,-77.89286,2.58685
C17D4,38:90:a5:91:74:1e,-77.76667,2.96745
C17D4,38:90:a5:91:74:1f,-77.55556,3.29724
C17D4,50:0f:80:c0:ce:2d,-80.15385,2.47697
C17D4,50:0f:80:c0:ce:2e,-80.32143,2.96964
C17D4,50:0f:80:c4:5f:6d,-80.33333,2.48069
C17D4,50:0f:80:c4:5f:6f,-79.96429,2.53102
C17D4,50:0f:80:d8:f4:2e,-81.00000,2.32993
C17D4,50:0f:80:d8:f4:2f,-81.22222,2.11830
C17D4,50:0f:80:e3:74:2d,-80.36667,3.36804
C17D4,50:0f:80:e3:74:2e,-80.40000,3.21205
C17D4,50:0f:80:e3:74:2f,-80.66667,3.09987
C17D4,50:0f:80:fd:7f:50,-58.93103,5.12648
C17D4,50:0f:80:fd:7f:51,-58.22222,3.70377
C17D4,50:0f:80:fd:7f:52,-58.53571,4.10494
C17D4,50:0f:80:fd:7f:5d,-67.92857,3.25381
C17D4,50:0f:80:fd:7f:5e,-68.24138,3.40855
C17D4,50:0f:80:fd:7f:5f,-68.16667,3.33305
C18D4,38:90:a5:91:74:1d,-70.55556,1.90815
C18D4,38:90:a5:91:74:1f,-70.82759,2.12248
C18D4,38:90:a5:9d:10:9d,-69.33333,2.00000
C18D4,38:90:a5:9d:10:9e,-69.40741,1.90665
C18D4,38:90:a5:9d:10:9f,-69.40000,1.95818
C18D4,38:90:a5:9d:1a:e0,-54.85185,3.99715
C18D4,38:90:a5:9d:1a:e1,-54.29630,2.31741
C18D4,38:90:a5:9d:1a:e2,-54.30769,2.13109
C18D4,38:90:a5:9d:1a:ed,-55.93103,5.71921
C18D4,38:90:a5:9d:1a:ee,-56.79310,4.26262
C18D4,38:90:a5:9d:1a:ef,-56.72414,4.12221
C18D4,50:0f:80:fd:6d:7d,-71.23333,3.72950
C18D4,50:0f:80:fd:6d:7e,-70.92857,3.85793
C18D4,50:0f:80:fd:6d:7f,-71.40000,3.60651
C18D4,50:0f:80:fd:7f:b1,-67.25926,4.73605
C18D4,50:0f:80:fd:7f:be,-77.80769,3.64438
C18D4,50:0f:80:fd:7f:bf,-77.00000,1.90516
C18D4,50:0f:80:fd:85:0e,-77.29630,2.75702
C18D4,e0:3f:49:09:d9:98,-62.51724,3.23619
C18D4,e0:3f:49:09:d9:9c,-61.86667,1.45586
C19D4,38:90:a5:8f:e7:0d,-83.64706,1.53872
C19D4,38:90:a5:8f:e7:0e,-84.06250,2.81588
C19D4,38:90:a5:8f:e7:0f,-83.78947,2.04339
C19D4,38:90:a5:9d:0f:30,-51.25000,2.44680
C19D4,38:90:a5:9d:0f:31,-51.25000,2.40340
C19D4,38:90:a5:9d:0f:32,-51.35000,2.64127
C19D4,38:90:a5:9d:0f:3d,-54.68421,1.73374
C19D4,38:90:a5:9d:0f:3e,-54.63158,1.70654
C19D4,38:90:a5:9d:0f:3f,-55.05000,1.60509
C19D4,50:0f:80:e3:74:2d,-71.60000,1.90291
C19D4,50:0f:80:e3:74:2e,-71.55000,1.95946
C19D4,50:0f:80:e3:74:2f,-71.80000,1.98945
C19D4,50:0f:80:fd:7f:50,-60.31579,2.23738
C19D4,50:0f:80:fd:7f:51,-61.47368,3.87826
C19D4,50:0f:80:fd:7f:52,-60.57895,2.34084
C19D4,50:0f:80:fd:7f:5d,-59.84211,1.11869
C19D4,50:0f:80:fd:7f:5e,-59.47368,1.17229
C19D4,50:0f:80:fd:7f:5f,-60.00000,1.10554
